NO,都道府県コード又は市区町村コード,都道府県,市区町村名,名称,名称_カナ,設置目的,実施支援の主な区分,住所,方書,緯度,経度,電話番号1,電話番号1_連絡先備考,電話番号2,電話番号2_連絡先備考,内線番号,FAX番号,URL,メールアドレス1,メールアドレス1_連絡先備考,メールアドレス2,メールアドレス2_連絡先備考,法人番号,運営団体名,開催頻度,開催曜日,開催日,開催開始時間,開催終了時間,開催日時特記事項,参加条件,参加費_幼児,参加費_小学生,参加費_中学生,参加費_高校生,参加費_大人,参加費特記事項,予約方法,予約特記事項,定員,フードパントリー実施,テイクアウト実施,学区,ネットワークの加入,追加情報NO,画像,画像_ライセンス,備考
1,11,埼玉県,さいたま市,㈱ミサコランド,,,"多世代交流拠点,親子交流の場",埼玉県さいたま市大宮区浅間町1-116-8,,35.905431,139.634121,,,080-1015-2524,,,,http:/www.misakoland.co.jp,misakoland@misakoland.co.jp,,,,,,1か月に1回,土,第3土曜日,12:00,14:00,,ひとり親世帯,18才まで0,0,0,0,500,,,,,,,,,,,,
2,11,埼玉県,さいたま市,子ども食堂NEO,,,多世代交流拠点,さいたま市南区文蔵2-24-7　文蔵サロン内,,35.841605,139.667974,080-6636-2076,,,,,,http://konomachi.org,konomati@jcom.zaq.ne.jp,,,,,,1か月に1回,土,毎月第4土曜日,,,,,300,300,300,300,600,,,,,1.0,,,埼玉県子ども食堂ネットワーク、さいたま市子ども食堂ネットワーク,,,,
3,11,埼玉県,さいたま市,みんなの居場所・浦和子ども食堂,,,多世代交流拠点,さいたま市浦和区東仲町8-19,,35.8613472883332,139.656819051694,048-882-2766,,,,,,https://ibasho-taiyodo.amebaownd.com/,junyuriharuka@ezweb.ne.jp,,,,,,,,,,,,,0,0,0,0,,,,,,,,,埼玉県、さいたま市子ども食堂ネットワーク,,,,
4,11,埼玉県,さいたま市,こもれびごはん,,,多世代交流拠点,さいたま市桜区大久保領家130　大久保東公民館,,35.8702222599567,139.60799738053,048-852-7412,,,,,,,napualani66@gmail.com,,,,,,1か月に1回,土,第2土,,,,"経済的に困っている世帯,ひとり親世帯,不登校・行き渋りの子供",0,0,0,0,,,,,,,,,,,,,
5,11,埼玉県,さいたま市,たんぽぽフードパントリー深作,,,"学習支援,多世代交流拠点,遊び・スポーツ・体験活動の場,親子交流の場",さいたま市見沼区深作2の7深作自治会館、見沼区宮ヶ谷塔765春おか広場,,,,,,,,,,,,,,,,,,,,,,,"経済的に困っている世帯,ひとり親世帯,障害のある子供",0,0,0,0,,,,,,1.0,,,埼玉県フードパントリーネットワーク,,,,
6,11,埼玉県,さいたま市,わいわいランチ,,,,さいたま市西区指扇1100-2,,35.912086,139.5787998,048-624-0238,,,,,,,oomiya@mcp-saitama.or.jp,,,,,,1か月に1回,土,毎月第3土曜日,12:00,13:00,,"経済的に困っている世帯,ひとり親世帯",0,0,0,0,,,,,,,,,さいたま市子ども食堂ネットワーク,,,,
7,11,埼玉県,さいたま市,だがしカフェ夢はうす,,,,埼玉県さいたま市南区白幡4ー13ー3,,35.8425527,139.6547946,,,,,,,,emicafe@outlook.com,,,,,,1か月に2回,金,毎月第2金曜日・第４月曜日,17:00,18:30,,,0,0,0,0,,,,,,,,,埼玉県子ども食堂ネットワーク・さいたま市子ども食堂ネットワーク,,,,
8,11,埼玉県,さいたま市,みな風地域食堂,,,,さいたま市中央区本町東4-9-8,,35.8854024434529,139.620288967038,090-4600-1027,,,,,,,chizuko.minakaze.0913@gmail.com,,,,,,1か月に1回,日,第三日曜日,,,,,0,0,0,0,300～500,,,,,1.0,,,埼玉県子ども食堂ネットワーク,,,,
9,11,埼玉県,さいたま市,すくもぐカフェ,,,,埼玉県さいたま市中央区八王子2-4-10,,35.883723209633,139.611513109366,090-6937-2209,,,,,,https://lin.ee/W8QzvIX,sukumogu2022@gmail.com,,,,,,1か月に1回,土,第二土曜日,10:00,16:00,,,0,0,0,0,300,,,,,,,,埼玉県子ども食堂ネットワーク、さいたま市子ども食堂ネットワーク,,,,
10,11,埼玉県,さいたま市,さいたま子ども食堂,,,"学習支援,子供のたまり場",埼玉県さいたま市緑区原山3-20-9,,35.8729156,139.6772396,048-789-7340,,,,,,http://cheers.ai-kenchikukoubou.jp/,saitamakodomoshokudo@ai-kenchikukoubou.jp,,,,,,週に3回,月水金,,14:00,17:00,,,0,0,0,0,500（1家族）,,,,,,,,埼玉県子ども食堂ネットワーク,,,,
11,11,埼玉県,さいたま市,畑こども食堂,,,"多世代交流拠点,遊び・スポーツ・体験活動の場",埼玉県さいたま市北区見沼2-94 市民の森・見沼グリーンセンター,,35.933089,139.640606,,,,,,,,hatakekodomo.toro@gmail.com,,,,,,1か月に1回,土,毎月第二土曜日,,,変更となる場合有り,,0,0,0,0,500,,,,,,,,埼玉県子ども食堂ネットワーク、さいたま市子ども食堂ネットワーク,,,,
12,11,埼玉県,さいたま市,子ども食堂Omusubi,,,,,,,,,,,,,,,omusubi.lego@gmail.com,,,,,,週に2回,月金,,17:00,19:00,,,0,0,0,0,300,,,,,,,,埼玉県子ども食堂ネットワーク、さいたま市子ども食堂ネットワーク,,,,
13,11,埼玉県,さいたま市,西大宮子ども食堂SAKAE,,,"プレーパーク,遊び・スポーツ・体験活動の場",埼玉県さいたま市西区西大宮3-11-1,,35.9262408242926,139.579156701615,090-2495-7732,,,,,,https://www.sakae.onotaka1986.com/,sakae.sotan@gmail.com,,,,,,,,,,,,,0,0,0,0,,,,,,,,,埼玉県子ども食堂ネットワーク、さいたま市子ども食堂ネットワーク,,,,
14,11,埼玉県,さいたま市,土呂こども食堂,,,"学習支援,不登校児の居場所",埼玉県さいたま市北区土呂町2-12-20,,35.9322184,139.6326569,048-729-5848,,,,,,http://www.torokodomo.jp/,toro.kodomo@cosmopharmacy.co.jp,,,,,,1か月に1回,土,第3土曜日,12:30,15:00,,,0,0,0,0,500,,,,,,,,埼玉県こども食堂ネットワーク,,,,
15,11,埼玉県,さいたま市,オレンジ広場内野本郷子ども食堂,,,,埼玉県さいたま市西区内野本郷696-122,,35.9373922932229,139.595536082383,080-4433-6963,,,,,,,maicooo326@gmail.com,,,,,,1か月に1回,木金,毎月第2金曜日　隔月毎週第3木曜,16:00,17:00,,,0,0,0,0,300,,,,,,,,さいたま市子ども食堂ネットワーク,,,,
16,11,埼玉県,さいたま市,みんなでごはんを食べる会,,,"多世代交流拠点,親子交流の場,,,,",埼玉県さいたま市大宮区吉敷町４丁目２２３－２　大宮南公民館,,35.898348,139.635748,,,,,,,,kids.club.omiya@gmail.com,,,,,,1か月に1回,金,毎月最終金曜日,18:00,21:00,,,0,0,0,0,300,,,,,,,,,,,,
17,11,埼玉県,さいたま市,子ども食堂にじいろ広場,,,,埼玉県さいたま市北区日進町３－４３７,,35.9376542,139.602529,090-7401-6660,,,,,,https://nijiirohiroba7.jimdofree.com/,nijiirohiroba7@gmail.com,,,,,,1か月に1回,水,第一水曜,17:00,18:00,,,0,0,0,0,300,,,,,,,,埼玉市子ども食堂ネットワーク,,,,
18,11,埼玉県,さいたま市,みんなの食堂 みやはら,,,,埼玉県さいたま市北区宮原町3-473,,35.9425666366959,139.608643311219,048-653-1355,,,,,,,soudanorinone21@gmail.com,,,,,,1か月に1回,火,第3火曜日,17:00,,,,0,0,0,0,300,,,,,1.0,,,埼玉県子ども食堂ネットワーク,,,,
19,11,埼玉県,さいたま市,じおんじこども食堂,,,,さいたま市岩槻区徳力457-1,,35.9699720999572,139.715668411221,090-6044-7311,,,,,,,yamakados@yahoo.co.jp,,,,,,1か月に2回,火,第2、第4火曜日,,,,,0,0,0,0,100,,,,,1.0,,,埼玉県子ども食堂ネットワーク、さいたま市子ども食堂ネットワーク,,,,
20,11,埼玉県,さいたま市,ジョイフルキッチンみんなの食堂,,,多世代交流拠点,さいたま市大宮区大成町1-268,,35.9109036335993,139.613566982382,090-2142-7270,,,,,,,h_1215_m@yahoo.co.jp,,,,,,1か月に1回,日,月1回　いずれかの日曜日,11:30,13:30,,,50,50,50,50,300,ひとり親家庭、非課税世帯の子供は無料、大人は100円,,,,,,,埼玉県子ども食堂ネットワーク,,,,
21,11,埼玉県,さいたま市,三室・山崎子ども食堂,,,,埼玉県さいたま市緑区三室680-1,,35.8917414819992,139.672197153545,048-711-4990,,,,,,https://www.sumaikata.org/,mxe02240@nifty.com,,,,,,1か月に1回,土,第４土曜日,17:00,18:00,,,0,0,0,0,300,,,,,,,,埼玉県子ども食堂ネットワーク、さいたま市子ども食堂ネットワーク,,,,
22,11,埼玉県,さいたま市,ただいまの家,,,"子供のたまり場,遊び・スポーツ・体験活動の場,不登校児の居場所,外国人の子供の居場所",,,,,090-1362-8916,,,,,,https://www.kairos05.com/,kairos.saitama05@gmail.com,,,,,,週に１回,日,,11:00,15:00,,,0,0,0,0,,,,,,,,,,,,,
23,11,埼玉県,さいたま市,コミュニティハウスこまち,,,"学習支援,遊び・スポーツ・体験活動の場",埼玉県さいたま市見沼区春岡2-27-12,,35.9480144265142,139.661371695877,070-1290-8605,,,,,,,komachi221225@gmail.com,,,,,,週に１回,金土,毎週土曜日及び第4金曜日,15:00,19:00,,,0,0,0,0,300,,,,,1.0,,,さいたま子ども食堂ネットワーク,,,,
24,11,埼玉県,さいたま市,さいたまユースサポートネットサッカークラブ,,,"遊び・スポーツ・体験活動の場,外国人の子供の居場所",埼玉県さいたま市見沼区東宮下215-1 東宮下小学校,,35.9261078518045,139.677636724711,080-8010-6648,,,,,,https://saitamayouthnet.org/,saitama.yn@gmail.com,,,,,,,,,,,,,0,0,0,0,,,,,,,,,子ども応援ネットワーク埼玉,,,,
25,11,埼玉県,さいたま市,今羽のモリモリ食堂,,,多世代交流拠点,埼玉県さいたま市北区今羽町650-1,,35.9508621,139.6254014,048-778-7330,,,,,,https://eijuso.com/konbanomori/,eiyou_konba@eijuso.jp,,,,,,1か月に1回,金,第３金曜日,16:30,17:00,,,0,0,0,0,400,,,,,,,,埼玉県子ども食堂ネットワーク,,,,
26,11,埼玉県,さいたま市,チム・チム　七夕☆子ども食堂,,,"学習支援,遊び・スポーツ・体験活動の場",さいたま市北区日進町１－３１２－２日進公園コミュニティセンター,,35.9219743403941,139.60505356889,,,,,,,https://chimchimcher-ee.hp.peraichi.com/,ChimChimCher-ee@outlook.jp,,,,,,1か月に1回,土,第４土曜日,,,,,0,0,0,0,400,,,,,,,,埼玉県子ども食堂ネットワーク・さいたま市子ども食堂ネットワーク,,,,
27,11,埼玉県,さいたま市,特定非営利活動法人親子ふれあい教育研究所,,,"学習支援,多世代交流拠点,不登校児の居場所,親子交流の場",埼玉県さいたま市岩槻区西町1-6-8,,35.9521563187723,139.69510370937,048-756-4657,,,,,,https://ofkk.or.jp/,info@ofkk.or.jp,,,,,,1か月に1回,土,第3土曜,16:00,18:00,,,0,0,0,0,100,,,,,,,,さいたま市子ども食堂ネットワーク,,,,
28,11,埼玉県,さいたま市,こどもカフェ,,,"多世代交流拠点,親子交流の場",埼玉県さいたま市南区鹿手袋,,,,,,,,,,,childcafe2019@gmail.com,,,,,,1か月に1回,土,第3土曜日,17:00,18:30,,,0,0,0,0,500,,,,,,,,,,,,
29,11,埼玉県,さいたま市,東岩槻こども食堂,,,多世代交流拠点,埼玉県さいたま市岩槻区東岩槻2-5-26,,,,090-8342-3709,,,,,,,,,,,,,1か月に2回,木,第１、第3木曜日,17:30,19:00,,,0,0,0,0,300,,,,,,,,埼玉県子ども食堂ネットワーク,,,,
30,11,埼玉県,さいたま市,まんま亭,,,,,,,,048-875-7530,,,,,,https://ikiiki.web.wox.cc/,yanagi@ikiikigroup.jp,,,,,,,月火水木金,,16:00:00,19:00:00,,,0,0,0,0,200,,,,,,,,埼玉県子ども食堂ネットワーク,,,,
31,11,埼玉県,川越市,こそだてびより,,,"学習支援,多世代交流拠点,子供のたまり場,不登校児の居場所,親子交流の場",埼玉県川越市旭町3-17-19,,35.8989627818848,139.471346694024,090-2417-2853,,,,,,,kosodatebiyori.0401@gmail.com,,,,,,週に１回,金,,17:00,19:00,,,0,0,0,0,500,,,,,1.0,,,こども応援ネットワーク埼玉、小江戸こどもサポーターズ,,,,
32,11,埼玉県,川越市,ろっけん食堂,,,,川越市六軒町2-25-7,,35.92039465,139.4784216,080-4658-9034,,,,,,,neoikanae@gmail.com,,,,,,,,,,,,,0,0,0,0,300,,,,,,,,川越社協のネットワーク,,,,
33,11,埼玉県,川越市,ひだまり子ども食堂,,,,埼玉県川越市川鶴2-11-1　B-11　コミュニティカフェひだまり,,35.9233395,139.4109843,080-6593-8109,,,,,,https://www.communitycafe-hidamari.jp,ray3uwamin@jcom.zaq.ne.jp,,,,,,1か月に1回,土,第2土曜日,11:30,13:00,,"経済的に困っている世帯,ひとり親世帯,不登校・行き渋りの子供,障害のある子供,外国にルーツの有る世帯。経済的に困っていない場合は対象外。",150,150,150,150,500,,,,,,1.0,,埼玉県子ども食堂ネットワーク、埼玉フードパントリーネットワーク,,,,
34,11,埼玉県,川越市,やすらーじゅ広場,,,,埼玉県川越市渋井219,,,,,,,,,,,,,,,,,1か月に1回,,月1回,,,,,200,200,200,200,300,,,,,,,,,,,,
35,11,埼玉県,川越市,スマイル☆マグネット,,,"子供のたまり場,遊び・スポーツ・体験活動の場",埼玉県川越市木野目361-9篠原方,,35.8963320002647,139.515437780531,,,,,,,https://sikodomoshokudo.wixsite.com/sumairumagunetto,,,,,,,1か月に2回,金,第1、3金曜日,17:00,20:30,,,0,0,0,0,,,,,,,,,埼玉県子ども食堂ネットワーク,,,,
36,11,埼玉県,川越市,みずほふれあい食堂,,,"多世代交流拠点,遊び・スポーツ・体験活動の場,親子交流の場",埼玉県川越市中台元町1-16-11,,35.8917013151608,139.481472567038,,,,,,,https://mizuhokai.or.jp/index.html,kmanome@mizuhokai.or.jp,,,,,,3か月に1回,日,3の倍数月　いずれかの日曜日,11:30,13:30,,,0,0,0,0,300,,,,,,,,川越市社会福祉協議会,,,,
37,11,埼玉県,川越市,スマイルふれあい食堂,,,,川越市今泉371-1,,35.8956887155474,139.527311667039,090-1545-8284,,,,,,https://peraichi.com/landing_pages/view/sumairufureai,,,,,,,1か月に2回,月水,第１水曜日,16:30:00,20:00:00,,,0,0,0,0,300,,,,,1.0,,,埼玉県子ども食堂ネットワーク,,,,
38,11,埼玉県,川越市,こども食堂川越エンゼルトランペット,,,"子供のたまり場,親子交流の場,外国人の子供の居場所",埼玉県川越市的場2173-29 ひかり福音教会内,,35.9294281704105,139.439959180916,049-299-4633,,,,,,https://jh1hxl.wixsite.com/angeltrumpet,jh1hxl@yahoo.co.jp,,,,,,1か月に2回,土,第二および第四土曜日,11:00,13:00,,,100,100,100,100,300,,,,,,,,埼玉県子ども食堂ネットワーク,,,,
39,11,埼玉県,川越市,ちょうちん村子ども食堂,,,,埼玉県川越市,,,,,,,,,,,,,,,,,1か月に1回,木,第3木曜,,,,,0,0,0,0,300,,,,,,,,埼玉県子ども食堂ネットワーク,,,,
40,11,埼玉県,川越市,ふれあい食堂,,,,埼玉県川越市古谷上6083-7川越グリーンパーク管理センター,,35.9156520523891,139.535374695875,,,,,,,,,,,,,,1か月に2回,金,第１、第３金曜日,17:00,19:00,,,100,100,100,100,300,,,,,,,,小江戸子どもサポーターズ,,,,
41,11,埼玉県,川越市,大黒屋食堂のこども食堂,,,,,,,,,,,,,,,daikokuya-meshi@uspot.jp,,,,,,1か月に1回,火,第1火曜日,17:00,19:00,,,100,100,100,100,500,,,,,,,,,,,,
42,11,埼玉県,熊谷市,熊谷希望子ども食堂,,,"学習支援,子供のたまり場",埼玉県熊谷市弥生1-68,,36.1423198841,139.383423580566,090-8038-2440,,,,,,https://www.kidou-kodomo-syokudou.com,hureai0909@gmail.com,,,,,,週に１回,金,,14:00,17:00,,,0,0,0,0,200,,,,,,,,熊谷市ネットワーク,,,,
43,11,埼玉県,熊谷市,多世代ふれあい食堂HAPPYくまここ,,,多世代交流拠点,埼玉県熊谷市上之3851-1,,36.150466,139.414483,,,,,,,,h-kishimoto@mcp-saitama.or.jp,,,,,,1か月に1回,土,第2土曜日,12:00,13:00,,,100,100,100,100,300,,,,,,,,埼玉県子ども食堂ネットワーク、熊谷子ども食堂ネットワーク,,,,
44,11,埼玉県,熊谷市,こども食堂Ohana,,,,埼玉県熊谷市筑波3-112-1,,36.1406218013602,139.391166824722,080-3919-3280,,,,,,,ulu33328@gmail.com,,,,,,1か月に1回,日,第4日曜日,17:00,19:00,,,0,0,0,0,200,,,,,,,,埼玉県子ども食堂ネットワーク、熊谷市ネットワーク,,,,
45,11,埼玉県,熊谷市,特定非営利活動法人若者支援ひろば三愛,,,"学習支援,子供のたまり場,不登校児の居場所",埼玉県熊谷市宮町2-132  林ビル4階,,36.145872,139.388055,080-8913-3794,,,,,,https://ibasyo31.wixsite.com/uncut-gems-kumagaya,ibasyo31@gmail.com,,,,,,週に2回,火金,,13:30,20:00,,"経済的に困っている世帯,ひとり親世帯,不登校・行き渋りの子供,障害のある子供,受け入れ年齢に制限あり（小学6年生～20代前半）",0,0,0,0,,,,,,,,,埼玉県子ども食堂ネットワーク,,,,
46,11,埼玉県,熊谷市,熊谷なないろ食堂,,,"学習支援,不登校児の居場所",埼玉県熊谷市石原1028-8,,36.1492469396016,139.364718338216,,,,,,,https://kumagaya-nanairo.com/,sk.nanairo@outlook.jp,,,,,,週に3回,月水金,,17:00,19:00,,,100,100,100,100,300,,,,,1.0,,,埼玉県子ども食堂ネットワーク　熊谷子ども食堂ネットワーク,,,,
47,11,埼玉県,熊谷市,あい♡だいな～,,,"遊び・スポーツ・体験活動の場,親子交流の場",,,,,,,,,,,https://npoaida.org/,npoaida@gmail.com,,,,,,,,,,,,,0,0,0,0,通常価格,,,,,,,,埼玉県子ども食堂ネットワーク,,,,
48,11,埼玉県,川口市,川口芝つながる食堂,,,,川口市芝樋ノ爪1丁目12　芝樋ノ爪町会会館,,35.8336117324698,139.688774365186,080-5477-7657,,,,,,,tsunagaru-syokudo@gmail.com,,,,,,1か月に1回,日,第3（または第2）日曜日,,,,,0,0,0,0,200,経済的に困っている世帯は無料,,,,,,,埼玉県子ども食堂ネットワーク,,,,
49,11,埼玉県,川口市,川口市　安行げんき食堂,,,,川口市安行出羽1-3-24,,35.8514783183088,139.760288767036,,,,,,,,,,,,,,1か月に4回,土,土曜日,11:00,13:00,第5土曜日はお休み,,0,0,0,0,300,,,,,,,,かわぐちボランティアセンター　ボランティア団体登録,,,,
50,11,埼玉県,川口市,珈公カフェ＆子ども食堂,,,"多世代交流拠点,子供のたまり場",川口市朝日5-14-8,,35.8065775936241,139.748424451691,048-223-4540,,,,,,,,,,,,,1か月に1回,土,第3土曜日,10:00,13:00,,,0,0,0,0,400,,,,,,,,,,,,
51,11,埼玉県,川口市,たいむ☆こども食堂,,,,埼玉県川口市柳崎5-12-25　コミュニティ喫茶たいむ,,35.8604772,139.7052794,048-487-9630,,,,,,https://comb-time.jimdofree.com,com-time@roukyou.gr.jp,,,,,,1か月に1回,土,第1土曜日,16:00,18:00,,"経済的に困っている世帯,ひとり親世帯",100,100,100,100,300,生活保護家庭、ひとり親家庭医療費受給者証、等の提示で子供無料、大人100円,,,,,,,埼玉県子ども食堂ネットワーク、かわぐちボランティアセンター,,,,
52,11,埼玉県,川口市,わっか食堂,,,"学習支援,子供のたまり場",,,,,090-6194-2802,,,,,,,kodomonoie.wakka@gmail.com,,,,,,週に１回,土,,10:00,15:30,,,0,0,0,0,200,,,,,,,,こども食堂・フードパントリーネットワーク会議（川口市）,,,,
53,11,埼玉県,川口市,幸町陽気こども食堂,,,"学習支援,子供のたまり場",埼玉県川口市幸町2-1-13,,35.8055671,139.7186437,,,,,,,https://ameblo.jp/youkishokudo1,youkishokudo@gmail.com,,,,,,,,,,,,,10,10,10,10,300,,,,,1.0,,,埼玉県こども食堂ネットワーク,,,,
54,11,埼玉県,川口市,朝日こども食堂,,,遊び・スポーツ・体験活動の場,埼玉県川口市朝日1-7-3,,35.8094332881226,139.733503668884,090-4867-1296,,,,,,,yukiro43@yahoo.co.jp,,,,,,週に１回,水,,17:00,18:30,,,0,0,0,0,200,,,,,,,,埼玉県子ども食堂ネットワーク、川口市子ども食堂ネットワーク,,,,
55,11,埼玉県,川口市,歓喜院子ども食堂,,,,埼玉県川口市新堀,,,,090-1737-6320,,,,,,https://kanki-in.com/,kanki.in247@gmail.com,,,,,,,,,,,,,0,0,0,0,,,,,,,,,,,,,
56,11,埼玉県,川口市,サポートステーションほっと　こども食堂てだのふあ,,,,埼玉県川口市西川口2-11-5,,35.8135064778209,139.700272924706,048-290-8773,,,,,,https://hotto-support.jimdofree.com/,,,,,,,1か月に1回,土,第4土曜日,,,,,0,0,0,0,200,,,,,,,,川口市社会福祉協議会こども食堂ネットワーク,,,,
57,11,埼玉県,川口市,元気を育てる家ルミナリエ,,,多世代交流拠点,埼玉県川口市芝,,,,,,,,,,https//le-mina-rie.com,leminarie@gmail.com,,,,,,1か月に1回,土,第三土曜日,10:30,14:00,,,100,100,100,100,300,,,,,,,,,,,,
58,11,埼玉県,川口市,こども食堂じりん,,,,埼玉県川口市安行吉岡１４１７－１４,,35.8390873223551,139.752192553543,080-6616-8622,,,,,,,soeta_hirotomo@yahoo.co.jp,,,,,,週に１回,土,,,,,,100,100,100,100,100,,,,,,,,川口市子育て応援プラットフォーム,,,,
59,11,埼玉県,川口市,こども食堂とづか,,,,,,,,080-6616-8622,,,,,,,soeta_hirotomo@yahoo.co.jp,,,,,,1か月に1回,水,第３水曜日,,,,,100,100,100,100,100,,,,,,,,川口市子育て応援プラットフォーム,,,,
60,11,埼玉県,川口市,ホープキッチン,,,,埼玉県川口市上青木6-7-17,,35.8357572,139.7179653,,,,,,,,hope4kodomo@gmail.com,,,,,,1か月に1回,土,第二土曜日,18:00,18:30,,,100,100,100,100,300,,,,,,,,,,,,
61,11,埼玉県,川口市,わいわい食堂,,,,川口市桜町4丁目コンフォール東鳩ヶ谷集会所,,,,,,,,,,,akemi3990@gmail.com,,,,,,,土,第2or第3土曜日,,,,,0,0,0,0,300,,,,,,,,,,,,
62,11,埼玉県,川口市,川口夕暮れ子ども食堂,,,,川口市芝3756-3,,,,048-486-9225,,,,,,,info@25farm.com,,,,,,,土,,,,第3土曜日除く,,0,0,0,0,,,,,,,,,,,,,
63,11,埼玉県,行田市,みこちゃんこども食堂,,,"多世代交流拠点,親子交流の場",埼玉県行田市忍1-1-10,,36.1429582691046,139.455993538215,080-3417-0163,,,,,,,salon.crystalmayu@gmail.com,,,,,,週に2回,金土,金曜日,17:00:00,19:00:00,,,300,300,300,300,300～500,,,,,,,,埼玉県子ども食堂ネットワーク,,,,
64,11,埼玉県,行田市,多世代オシノ食堂,,,,埼玉県行田市本丸18-3 地域交流棟オシノテラス,,36.1370843041987,139.454075680831,048-556-4681,,,,,,https://gyouda-clinic.coop,a-kikuchi@mcp-saitama.or.jp,,,,,,,,,,,,,0,0,0,0,,,,,,1.0,,,特定非営利活動法人フードバンク埼玉,,,,
65,11,埼玉県,行田市,桜ヶ丘安心ルーム,,,"学習支援,多世代交流拠点,子供のたまり場,遊び・スポーツ・体験活動の場,不登校児の居場所",埼玉県行田市長野1827-2,,36.1512292194614,139.472305253559,048-527-5279,,,,,,,anshinroom@gmail.com,,,,,,週に5回,月火水木金,,,18:00,,,400,400,400,400,100,,,,,,,,,,,,
66,11,埼玉県,行田市,柿の木子ども食堂,,,,埼玉県行田市下須戸65番地1,,36.1391784,139.5096669,048-559-5165,,,,,,https://famille-gyoda.com/pages/167/,kaki@famille-gyoda.jp,,,,,,1か月に1回,日,第３日曜日,,,時々変更することがあります,,0,0,0,0,300,,,,,,,,,,,,
67,11,埼玉県,行田市,もちだひまわり食堂,,,,埼玉県行田市持田2357-1デイサービスひだまりの夢,,36.1362256,139.4283992,090-2466-4843,,,,,,https://motidahimawarisyokudo.amebaownd.com/,rcpgj577@yahoo.co.jp,,,,,,1か月に2回,日,第一日曜日,11:00,14:00,,,0,0,0,0,,,,,,1.0,,,埼玉県子ども食堂ネットワーク,,,,
68,11,埼玉県,行田市,わわわ食堂・風の寺子屋,,,"学習支援,子供のたまり場",,,,,090-7814-9615,,,,,,https://wawawakobo.com,wawawa.info@gmail.com,,,,,,週に2回,日,毎月第三日曜日,11:00,13:00,,"経済的に困っている世帯,ひとり親世帯,不登校・行き渋りの子供,障害のある子供,多子世帯",0,0,0,0,300,,,,,1.0,,,埼玉県子ども食堂ネットワーク、埼玉フードパントリーネットワーク,,,,
69,11,埼玉県,秩父市,認定NPO法人森のECHICA　ゆいっこ,,,"多世代交流拠点,不登校児の居場所,親子交流の場",埼玉県秩父市下吉田3809,,36.0427146,139.0342725,0494-26-6827,,,,,,http://www.hananomori.org/,hananomorikodomoen@gmail.com,,,,,,月に2回,金,月1～2回金曜日,17:00,19:00,,,0,0,0,500,500,居場所・相談は無料,,,,,,,埼玉県子ども食堂ネットワーク,,,,
70,11,埼玉県,秩父市,子ども食堂しばざくら,,,,,,,,090-9201-8195,,,,,,,,,,,,,,,,,,,"ひとり親世帯,子どもが3人以上",0,0,0,0,200,,,,,,,,埼玉県子ども食堂ネットワーク,,,,
71,11,埼玉県,秩父市,秩父おひさま食堂,,,プレーパーク,埼玉県秩父市野坂町1-13-14,,35.9871824594702,139.082982609372,0494-22-2943,,,,,,https://ameblo.jp/ryomaki-ykk/,chichibuohisama@ymail.ne.jp,,,,,,1か月に1回,土,第２土曜日,11:00,13:00,夏季は午後3時～午後4時,,0,0,0,0,,,,,,1.0,,,埼玉県子ども食堂ネットワーク,,,,
72,11,埼玉県,秩父市,秩父こども食堂,,,,秩父市大宮4625,,,,0494-22-8055,,,,,,http://www.nigurumaya.co.jp,info@nigurumaya.co.jp,,,,,,,日,毎月第3日曜日,16:30:00,17:30:00,,,0,0,0,0,,,,,,,,,,,,,
73,11,埼玉県,秩父市,菜の花食堂,,,,秩父市太田895,,,,090-9348-5765,,,,,,,Owz23592278x417@ezweb.ne.jp,,,,,,,,,,,,,,,,,,,,,,,,,埼玉県子ども食堂ﾈｯﾄﾜｰｸ,,,,
74,11,埼玉県,所沢市,ひだまり2丁目3番地,,,,所沢市,,,,,,,,,,,,,,,,,1か月に2回,金,第1、第3金,,,,,100,100,100,100,300,,,,,,,,,,,,
75,11,埼玉県,所沢市,所沢みんなの食堂ぬくもり,,,多世代交流拠点,埼玉県所沢市東所沢5丁目1-10,,35.793539,139.514381,,,,,,,,shokudou.nukumori@gmail.com,,,,,,,,,,,,,100,100,100,500,500,3才以上,,,,,,,埼玉県子ども食堂ネットワーク,,,,
76,11,埼玉県,所沢市,子ども食堂増田さん家,,,,,,,,,,,,,,,,,,,,,1か月に2回,木,毎月第1、第3木曜日,,,,"ひとり親世帯,不登校・行き渋りの子供,障害のある子供",100,100,100,100,500,,,,,,,,所沢市ネットワーク,,,,
77,11,埼玉県,所沢市,金山食堂だれでもランチ会,,,,埼玉県所沢市金山町18-3　金山町公民館,,35.7917256402532,139.463037027366,04-2922-2071,,,,,,,,,,,,,1か月に1回,金,月1回第4金曜日,10:00,13:00,,不登校・行き渋りの子供,300,300,300,300,300,,,,,,,,,,,,
78,11,埼玉県,所沢市,コミュニティ広場『すずかめ』,,,"学習支援,多世代交流拠点",埼玉県所沢市亀ヶ谷131-3,,35.8066537987728,139.520756482377,090-3314-1929,,,,,,,suzukirevo1610@gmail.com,,,,,,週に2回,土,第1、第3土曜日,10:30,13:30,,,0,0,0,0,300,,,,,1.0,,,,,,,
79,11,埼玉県,所沢市,さんとめキララ子ども食堂,,,多世代交流拠点,埼玉県所沢市中富1622,,35.8150616,139.4834444,070-2154-7354,,,,,,,y-yamauchi@mcp-saitama.or.jp,,,,,,1か月に1回,土,毎月第3土曜日,12:00,13:00,,,0,100,100,100,300,,,,,,,,埼玉県子ども食堂ネットワーク,,,,
80,11,埼玉県,所沢市,北秋津こども食堂,,,,埼玉県所沢市北秋津366,,35.7802555,139.477765,,,,,,,,satsuki_saito@jcom.home.ne.jp,,,,,,1か月に2回,水,第2、第4水曜日,17:00,19:00,,,100,100,100,100,300,,,,,,,,埼玉県子ども食堂ネットワーク,,,,
81,11,埼玉県,所沢市,みんなの居場所「空ちゃん和ヶ原」,,,学習支援,埼玉県所沢市和ケ原3-286-12 三ヶ島第13区自治会集会所,,35.8061189,139.4042906,,,,,,,,,,,,,,1か月に2回,木,第1第3木曜日,16:00,18:30,,,100,100,100,100,300,,,,,,,,フードバンクネット西埼玉,,,,
82,11,埼玉県,所沢市,多世代参加型子ども食堂　桂の食卓～桂ん家,,,学習支援,埼玉県所沢市宮本町2-23-34　介護付有料老人ホーム桂の樹　内、1Ｆ地域ｺﾐｭﾆﾃｨｰﾙｰﾑ,,35.7958169,139.4607673,,,,,,,https://sikodomoshokudo.wixsite.com/ks-katsuranchi,toko-soshiki@mcp-saitama.or.jp,,,,,,1か月に1回,金,第３金曜日,17:00,18:30,,,100,100,100,100,300,会食開催時は未就学児無料、テイクアウトは一律100円,,,,,,,埼玉県子ども食堂ネットワーク,,,,
83,11,埼玉県,所沢市,地域内に一人ぼっちを創らない！実行委員会,,,"学習支援,プレーパーク",,,,,090-8941-3660,,,,,,https://www.wada-3.com,3729xrj@jcom.zaq.ne.jp,,,,,,,金,第２、第４金曜日,13:00:00,18:00:00,,,0,0,0,0,,,,,,,,,加入状況､加入状態が分からない,,,,
84,11,埼玉県,所沢市,ぽかぽか広場・山口　こども食堂①,,,"学習支援,プレーパーク",,,,,,,,,,,,,,,,,,1か月に1回,土,第3土曜日,,,,ひとり親家族・支援を必要としている家庭,,,,,,,,,,,,,,,,,
85,11,埼玉県,所沢市,ぽかぽか広場・山口　学習支援①,,,学習支援,,,,,,,,,,,,,,,,,,1か月に2回,日,第2､第4日曜日,13:00:00,15:00:00,,小学生・中学生・高校生・その他（不登校だった成人）,,,,,,,,,,,,,埼玉ﾌｰﾄﾞﾊﾟﾝﾄﾘｰﾈｯﾄﾜｰｸ(所沢地区加入),,,,
86,11,埼玉県,所沢市,和田子ども食堂,,,プレーパーク,,,,,070-6517-4782,,,,,,tgenkijuku.com,tokorozawagenkijuku@gmail.com,,,,,,1か月に2回,,第2土曜日,11:00:00,12:00:00,,未就学児・小学生・中学生,100,100,100,100,100,,,,,,,,,,,,
87,11,埼玉県,所沢市,ぽかぽか広場・山口　こども食堂②,,,,,,,,,,,,,,,,,,,,,1か月に1回,日,第3日曜日,12:00:00,14:00:00,,未就学児・小学生・中学生・高校生,,,,,,,,,,,,,,,,,
88,11,埼玉県,飯能市,はんのう・みんな食堂,,,,飯能市東町11-11-102,,35.8534279153146,139.324405524708,,,,,,,,hanno.minna@gmail.com,,,,,,1か月に2回,金土,第４金曜日,14:00:00,16:00:00,,,0,0,0,0,100,,,,,1.0,,,埼玉県子ども食堂ネットワーク,,,,
89,11,埼玉県,飯能市,わっか食堂,,,親子交流の場,埼玉県飯能市上畑202,,35.8375041188708,139.285094609364,,,,,,,,first.step.hanno@gmail.com,,,,,,1か月に1回,土,毎月第3土曜日,9:30,11:30,,,0,0,0,0,300,,,,,,,,埼玉県子ども食堂ネットワーク,,,,
90,11,埼玉県,加須市,光明寺おてら食堂,,,子供のたまり場,埼玉県加須市本町14-43,,36.126703,139.60087,080-1008-8466,,,,,,https://www.komyoji-kazo.com/%E3%81%8A%E3%81%A6%E3%82%89%E9%A3%9F%E5%A0%82,otera.shokudo@gmail.com,,,,,,,,,,,,,0,0,0,0,300,,,,,,,,埼玉県子ども食堂ネットワーク,,,,
91,11,埼玉県,加須市,騎西子育て応援フードパントリー,,,,埼玉県加須市日出安1286,,36.1129110872362,139.582394895885,090-6176-5959,,,,,,https://kisai-tsudoi.jimdofree.com,kazo.kisai.fp@gmail.com,,,,,,2か月に1回,金,奇数月第3金曜日,17:00,19:00,,"経済的に困っている世帯,ひとり親世帯,障害のある子供",0,0,0,0,,,,,,1.0,,,埼玉フードパントリーネットワーク,,,,
92,11,埼玉県,加須市,すくすくのあそびひろば,,,"遊び・スポーツ・体験活動の場,不登校児の居場所,親子交流の場,外国人の子供の居場所",埼玉県加須市不動岡2-9-75　不動岡コミュニティセンター,,36.1363562920762,139.586577968901,090-2411-8598,,,,,,http://k-sukusuku-hiroba.org/,tozune@outlook.jp,,,,,,1か月に1回,日,第３日曜日,,,,,100,100,100,100,300,,,,,1.0,,,埼玉県子ども食堂ネットワーク、SKN埼北エリア連絡会、加須市子育て応援団体連絡会,,,,
93,11,埼玉県,加須市,北小浜みんなで子ども食堂,,,,埼玉県加須市北小浜1168,,36.135432,139.612081,,,,,,,,miyu198210@yahoo.co.jp,,,,,,1か月に1回,土,第4土曜日,11:30,13:00,,,100,100,100,100,200,,,,,,,,埼玉県子ども食堂ネットワーク,,,,
94,11,埼玉県,本庄市,こども食堂かるがも,,,,本庄市千代田3-1-2,,36.2428266735364,139.178484668906,0495-21-8624,,,,,,,,,,,,,1か月に2回,木,第1・第3木曜日,,,,"経済的に困っている世帯,障害のある子供,就労者",100,100,100,100,300,,,,,,,,,,,,
95,11,埼玉県,本庄市,子ども食堂　またね,,,"学習支援,子供のたまり場",埼玉県本庄市寿1-22-9,,36.2276749661536,139.202738167056,,,,,,,,,,,,,,週に6回,,定休日以外毎日開催,,,,,0～100,0～100,0～100,0～100,,大人は対象外,,,,,,,,,,,
96,11,埼玉県,本庄市,あおぞら食堂,,,,埼玉県本庄市北堀,,,,0495-24-6017,,,,,,,kuroiwa.127@gmail.com,,,,,,1か月に1回,日,第3日曜日,11:30,13:00,,,0,0,0,0,300,,,,,,,,,,,,
97,11,埼玉県,本庄市,恩むすび,,,,本庄市銀座1-9-23,,,,0495-37-4417,,,,,,,hohoemiekubokawaiina@ezweb.ne.jp,,,,,,,,１ヶ月に一回目安,,,,小学校6年,0,0,0,0,,,,,,,,,,,,,
98,11,埼玉県,東松山市,特定非営利活動法人　子ども食堂　チ・アモ,,,"学習支援,多世代交流拠点,子供のたまり場,親子交流の場",埼玉県東松山市石橋1747-16,,36.0387983,139.3760743,,,,,,,,,,,,,,週に１回,金,,16:00,22:00,,"経済的に困っている世帯,ひとり親世帯,障害のある子供",300,300,300,300,500,,,,,1.0,,,埼玉県子どもネットワーク、全国こども食堂支援センターむすびえ,,,,
99,11,埼玉県,東松山市,NPO法人比企聖学塾,,,"学習支援,プレーパーク,遊び・スポーツ・体験活動の場,親子交流の場",埼玉県東松山市松本町1-10-10,,36.0400752,139.4106469,090-2646-9138,,,,,,,nt2co1209_imstrongbeingweak@yahoo.co.jp,,,,,,週に１回,日,,18:00,18:40,,,0,0,0,0,,,,,,1.0,,,,,,,
100,11,埼玉県,東松山市,長くつ下のピッピ食堂,,,"学習支援,多世代交流拠点",東松山市上唐子1461-82,,36.03830039,139.3361376,0493-25-1628,,,,,,https://sikodomoshokudo.wixsite.com/pippishokudou,mayukatu66@gmail.com,,,,,,週に１回,金,,17:00,19:00,,,200,200,200,200,300,,,,,1.0,,,埼玉県子ども食堂ネットワーク,,,,
101,11,埼玉県,東松山市,若松町ふれあい広場,,,,,,,,,,,,,,,,,,,,,,,,,,,,0,0,0,0,,,,,,,,,,,,,
102,11,埼玉県,春日部市,青空ママ応援食堂らくまる,,,親子交流の場,埼玉県春日部市下大増新田391,,35.9545743383834,139.737319338206,090-1706-1364,,,,,,http://tukigurumi25.com/,tukigurumi@gmail.com,,,,,,,,,,,,,0,0,0,0,300,,,,,,,,埼玉県子ども食堂ネットワーク,,,,
103,11,埼玉県,春日部市,かすかべひつじ食堂,,,,埼玉県春日部市中央5-7-15,,35.972402,139.752285,,,,,,,,hitsujishokudou2@gmail.com,,,,,,1か月に1回,土,第2土曜,12:00,15:00,,,0,0,0,0,,,,,,,,,,,,,
104,11,埼玉県,春日部市,かすかべ子ども食堂ひなた,,,親子交流の場,埼玉県春日部市大場1397-2,,35.949303,139.765129,,,,,,,http://www.happy-circle-cycle.org/sp_index.html,,,,,,,,,,,,,"経済的に困っている世帯,ひとり親世帯,不登校・行き渋りの子供,障害のある子供,子育て家庭優先",0,0,0,0,,,,,,,,,日本子どもの居場所ネットワーク,,,,
105,11,埼玉県,春日部市,ベルヴィ越谷食堂,,,,,,,,,,,,,,https://www.utinaruheiwa.com/,scooprehe@gmail.com,,,,,,1か月に1回,木,第3木曜日,,,,,,,,,300,,,,,,,,,,,,
106,11,埼玉県,狭山市,シャローム食堂,,,多世代交流拠点,埼玉県狭山市狭山台4-19-14,,35.8487451,139.4331972,,,,,,,http:// www. facebook. com/kodomo 0yen. com,piano.kityumiko@gmail.com,,,,,,,,,,,,,0,0,0,0,300,,,,,,,,狭山市子ども食堂連合会,,,,
107,11,埼玉県,狭山市,みんなの食堂さといも,,,,狭山市富士見1-11-15 生活クラブ館つなぐ,,35.8531678,139.4160937,,,,,,,,,,,,,,,,,,,,,0,0,0,0,100,,,,,,,,埼玉県子ども食堂ネットワーク,,,,
108,11,埼玉県,狭山市,WAKU☆DOKIはっぴー,,,"学習支援,多世代交流拠点,遊び・スポーツ・体験活動の場",狭山市根岸2-17-13,,35.857771,139.382265,070-1410-8989,,,,,,https://area-e-network.com,area-e.network@p1.s-cat.ne.jp,,,,,,1か月に2回,土,第３、第４土曜日,10:00,13:00,,"経済的に困っている世帯,ひとり親世帯,不登校・行き渋りの子供,障害のある子供",100,100,100,100,,,,,,1.0,,,埼玉県子ども食堂ネットワーク,,,,
109,11,埼玉県,狭山市,こども喫茶暖歩,,,"学習支援,子供のたまり場,不登校児の居場所",埼玉県狭山市狭山台4ー14ー17,,35.8496697101108,139.432486794022,,,,,,,http://danbo.amebaownd.com/,kodomokissadanbo@gmail.com,,,,,,週に１回,日,,13:00,17:00,,,0,0,0,0,,,,,,,,,,,,,
110,11,埼玉県,狭山市,にこにこクラブ　にこにこ食堂,,,"学習支援,多世代交流拠点",狭山市南入曽,,,,,,,,,,,,,,,,,1か月に1回,土,第3土曜日,11:30,13:00,,,0,0,0,0,200,,,,,,,,狭山市子ども食堂ネットワーク,,,,
111,11,埼玉県,狭山市,オリーブ食堂,,,,,,,,,,,,,,,ykomaki913@hotmail.com,,,,,,1か月に1回,日,第3日曜日,17:00:00,19:00:00,,18歳まで,0,0,0,0,,,,,,,,,埼玉県子ども食堂ネットワーク,,,,
112,11,埼玉県,羽生市,羽生の杜,,,,羽生市桑崎1331-2,,36.1743765810893,139.522097994038,090-3348-2149,,,,,,http://www.hanyunomori.org/,tamura.nobuyuki@cameo.plala.or.jp,,,,,,1か月に2回,土日,第2土曜日、第4日曜日,,,,"経済的に困っている世帯,ひとり親世帯,外国人家族",100,100,100,100,300,,,,,1.0,,,埼玉県こども食堂ネットワーク、埼玉県フードパントリーネットワーク,,,,
113,11,埼玉県,羽生市,子ども食堂　えがお,,,,羽生市秀安715,,36.1620195451362,139.549059451709,048-562-1712,,,,,,,sukagetrk2002@white.plala.or.jp,,,,,,1か月に1回,,第三又は第五土日のいずれかの日,,,,,100,100,100,100,300,,,,,,,,埼玉県子ども食堂ネットワーク、子ども食堂埼北エリア連絡会,,,,
114,11,埼玉県,羽生市,羽生市須影集会所,,,"学習支援,遊び・スポーツ・体験活動の場,親子交流の場",羽生市須影708,,36.1492645227174,139.543888080544,090-3818-3606,,,,,,,nanatomi-1.9.5-2@docomo.ne.jp,,,,,,1か月に1回,土,第1土曜日,10:00,13:00,,,100,100,100,100,200,,,,,,,,埼玉県子ども食堂ネットワーク,,,,
115,11,埼玉県,羽生市,羽生子ども食堂キャロット　　羽生フードパントリーキャロット　　ういんぐ　　キャロットひろば,,,"学習支援,遊び・スポーツ・体験活動の場",羽生市中央２-8-10,,36.1735029073814,139.537383680545,,,,,,,HP:http//carrto-kosodate-hanyuu.com,,,,,,,1か月に1回,土,第4土曜,13:00,16:00,,"経済的に困っている世帯,ひとり親世帯,不登校・行き渋りの子供,児童養護施設の子ども",0,0,0,0,300,,,,,1.0,,,埼玉県子ども食堂ネットワーク,,,,
116,11,埼玉県,鴻巣市,てんきねん,,,,埼玉県鴻巣市北根1374,,36.116650377652,139.518515953557,090-4849-7676,,,,,,,catoasis26@yahoo.co.jp,,,,,,1か月に1回,土,第4土曜,17:00,18:30,,ひとり親世帯,0,0,0,0,,,,,,,,,埼玉県、供食堂ネットワーク,,,,
117,11,埼玉県,鴻巣市,こどもレストラン”ゆめ”,,,,鴻巣市八幡田742-2　住宅展示場サイエンスホ-ム内,,,,,,,,,,,kounos-yumenomi@kxd.biglobe.ne.jp,,,,,,1か月に1回,土,第1土曜日,11:00:00,12:30:00,第2土曜の場合もあり,,0,0,0,0,200,,,,,,,,鴻巣市子どもの居場所ネットワーク会議,,,,
118,11,埼玉県,鴻巣市,わいわい交流会,,,,埼玉県鴻巣市吹上富士見3-1-7,,,,048-598-7614,,,,,,http://kousaten.que.jp/,kosaten2011@gmail.com,,,,,,1か月に1回,土,第三土曜日,11:00,13:00,,,100,100,100,100,100,,,,,,,,埼玉県子ども食堂ネットワーク、鴻巣市子どもの居場所ネットワーク会議,,,,
119,11,埼玉県,鴻巣市,まちのごはんやさん,,,,鴻巣市中央23-10,,,,,,,,,,http://www.nikoniko-mamas.com/,nikomama2015@gmail.com,,,,,,,金,第3金曜日,,,,,300,300,300,300,500,,,,,,,,埼玉県子ども食堂ネットワーク,,,,
120,11,埼玉県,深谷市,まありのいえこども食堂,,,多世代交流拠点,深谷市上野台3353-5,,36.185496,139.269483,080-9349-1129,,,,,,https://maarinoie.crayonsite.net/,ohirune-tanpopochan1129@ezweb.ne.jp,,,,,,,,毎週木曜日、第1土曜日,11:30:00,14:30:00,,,200,200,200,,,,,,,,,,,,,,
121,11,埼玉県,深谷市,ふかや子ども食堂　まめっこ,,,学習支援,埼玉県深谷市東方1765番地2,,36.1952097379916,139.314884538218,,,,,,,https://yellowhearts.net,hello@yellowhearts.net,,,,,,1か月に1回,木,第4木曜日,18:00,19:00,,,100,100,100,100,200,,,,,1.0,,,埼玉県子ども食堂ネットワーク、埼玉フードパントリーネットワーク,,,,
122,11,埼玉県,深谷市,深谷はなっ子食堂,,,"遊び・スポーツ・体験活動の場,",深谷市小前田2345-1,,36.133026,139.226267,,,,,,,,Yiu39749@docomo.ne.jp,,,,,,1か月に2回,水,第2・4水曜日,17:00,19:00,,,100,100,100,100,100,,,,,,,,埼玉県子ども食堂ネットワーク、ふかや子どもの居場所ネット,,,,
123,11,埼玉県,深谷市,子ども食堂・Tﾊｳｽ おむすびころりん,,,,深谷市東方4284　上柴ｺﾐｭﾆﾃｨｾﾝﾀｰ,,36.17769277,139.31640128,048-575-1679,,,,,,,kazumama@kem.biglobe.ne.jp,,,,,,1か月に1回,土,第3土曜日,,,,,100,100,100,100,200,,,,,,,,埼玉県こども食堂ネットワーク,,,,
124,11,埼玉県,深谷市,いちご食堂,,,,深谷市菅沼165,,,,080-9818-2334,,,,,,,,,,,,,,土,第4土曜日,11:00:00,12:30:00,,,100,100,100,100,200,,,,,,,,,,,,
125,11,埼玉県,上尾市,てらこや錦町,,,,埼玉県上尾市錦町2-18,,35.987637,139.590338,,,,,,,,terakoya.nishikicho@gmail.com,,,,,,週に１回,金,,18:00,20:00,,,100,100,100,100,,,,,,,,,,,,,
126,11,埼玉県,上尾市,ホットほっとタイム子ども食堂,,,,埼玉県上尾市富士見2-15 コパンあらぐさ,,35.96817,139.583238,,,,,,,https://sikodomoshokudo.wixsite.com/ks-hothottime,hot2time.in.ageo@gmail.com,,,,,,1か月に1回,金,第四金曜日,17:00,19:30,,,0,0,0,0,300,,,,,,,,埼玉県子ども食堂ネットワーク,,,,
127,11,埼玉県,上尾市,こども食堂「とまと」,,,,上尾市,,,,,,,,,,,,,,,,,週に１回,水,,17:00,19:00,,,100,100,100,100,300,,,,,,,,,,,,
128,11,埼玉県,上尾市,Smile Pockets（スマイルポケット）こども食堂,,,,埼玉県上尾市本町2-14　根貝戸団地内,,,,,,,,,,https://smile-pockets-1.jimdosite.com/,,,,,,,1か月に3回,水,第２，４水曜日,17:30:00,19:00:00,,,0,0,0,0,300,,,,,,,,埼玉県子ども食堂ネットワーク,,,,
129,11,埼玉県,上尾市,子ども食堂「でんでん虫」,,,,上尾市,,,,,,,,,,,,,,,,,1か月に2回,土,第2、第4土曜日,12:00,14:00,,,0,0,0,0,300,,,,,,,,埼玉県子ども食堂ネットワーク、上尾市子ども食堂ネットワーク,,,,
130,11,埼玉県,草加市,メグママの子ども食堂,,,,草加市草加3-1-2　キッチンMEG内,,35.83751150958694,139.79941300936449,090-3523-0222,,,,,,,,,,,,,1か月に1回,土,第一土曜日,10:00,12:00,,,100,100,100,100,300,お弁当のみ,,,,,,,Pineの会,,,,
131,11,埼玉県,草加市,あつまれ～ペンギン村～,,,遊び・スポーツ・体験活動の場,埼玉県草加市高砂1-8-8　そうか食堂内,,35.825025,139.806614,048-918-4005,,,,,,,gami0128@gmail.com,,,,,,2か月に1回,日,奇数月最終日曜日,12:00,15:00,,,0,0,0,0,300,,,,,1.0,,,子供応援団　pine,,,,
132,11,埼玉県,草加市,草加あおはる食堂,,,"遊び・スポーツ・体験活動の場,",,,,,,,,,,,https://sikodomoshokudo.wixsite.com/ks-sokaaoharu,,,,,,,1か月に1回,土,第4土曜日,13:00,19:00,,,100,100,100,100,300,,,,,,,,埼玉県子ども食堂ネットワーク、草加市子ども応援ネットワークPine,,,,
133,11,埼玉県,草加市,ことも食堂よつば,,,子供のたまり場,埼玉県草加市八幡町259,,,,090-3682-7884,,,,,,,rizcx626@yahoo.co.jp,,,,,,2か月に1回,月,奇数月　第二月曜日,,,,,0,0,0,0,300,,,,,,,,Pine,,,,
134,11,埼玉県,草加市,草加松原子ども食堂,,,,埼玉県草加市栄町2-7-34,,,,,,,,,,,joyfulfamily0901@gmail.com,,,,,,1ヶ月に一回ずつ,,第二土曜,12:00:00,,,,100,100,100,100,200,,,,,,,,パイン,,,,
135,11,埼玉県,草加市,子ども食堂「結び」,,,,埼玉県草加市住吉2-9-1　中央公民館,,35.830514,139.81014,,,,,,,https://webc.sjc.ne.jp/soka/center_8,lily@sjc.ne.jp,,,,,,,,,,,,,0,0,0,0,300,,,,,,,,埼玉県子ども食堂ネットワーク、こども応援ネットワークPine,,,,
136,11,埼玉県,草加市,ＳＯＭＰＯケア　ラヴィーレ草加松原,,,,埼玉県草加市中根3-31-24,,35.84651739613761,139.81179952470782,048-930-6541,,,,,,https://www.sompocare.com/,lv_soukamatubara_m@sompocare.com,,,,,,1か月に1回,土,第4土曜日,11:45,14:30,,,0,0,0,0,300,,,,,,,,,,,,
137,11,埼玉県,草加市,SOMPOケアラヴィーレ草加,,,,埼玉県草加市北谷3-36-8,,35.8459535008042,139.78278910936498,048-946-1166,,,,,,https://www.sompocare.com/service/home/kaigo/H000079/,lv_souka@sompocare.com,,,,,,,,,,,,,0,0,0,0,300,,,,,,,,そうか子育て応援・情報サイト ぼっくるん,,,,
138,11,埼玉県,草加市,こども未来食堂マイカ,,,学習支援,草加市瀬崎6-6-22,,,,080-9806-9694,,,,,,,micamica2018@icloud.com,,,,,,,月,第3月曜日,16:00:00,19:30:00,,,0,0,0,0,300,,,,,,,,埼玉県子ども食堂ネットワーク,,,,
139,11,埼玉県,草加市,IMAいなり食堂,,,,,,,,,,,,,,,usmyke725@yahoo.co.jp,,,,,,,,,,,,,,,,,,,,,,,,,こども応援ネットワークPine,,,,
140,11,埼玉県,越谷市,越ヶ谷こどもかふぇ食堂　ぽらむの家,,,"学習支援,多世代交流拠点",埼玉県越谷市越ケ谷本町8-3,,35.894279,139.785478,080-6785-4551,,,,,,,kodomoshyokudou@gmail.com,,,,,,週に１回,月,,17:00,19:00,,,100,100,100,100,300,,,,,,,,埼玉県子ども食堂ネットワーク,,,,
141,11,埼玉県,越谷市,越谷こども食堂,,,"学習支援,多世代交流拠点",埼玉県越谷市弥生町6-7野口ビル,,35.89126269142354,139.78549875354577,048-964-8000,,,,,,http://www.kodomo-shien.org/,koshigaya.kodomo.shien@gmail.com,,,,,,週に5回,月火水木金,,17:00,19:00,,,0,0,0,0,300,,,,,,,,埼玉県子ども食堂ネットワーク,,,,
142,11,埼玉県,越谷市,こども食堂かなう,,,,埼玉県越谷市柳町1-14,,35.894107,139.789952,070-8959-5391,,,,,,,kanaushokudou@gmail.com,,,,,,1か月に1回,日,最終日曜日昼,,,,,0,0,0,0,300,,,,,,,,埼玉県子ども食堂ネットワーク,,,,
143,11,埼玉県,越谷市,きなり食堂,,,,越谷市東越谷1-1-33,,,,,,,,,,,kinari@mamatette.com,,,,,,,,,,,,,0,0,0,0,500,非課税、生活保護世帯は大人も無料,,,,,,,埼玉県子ども食堂ネットワーク，こども応援ネットワークpine，越谷こどもサポートネットワーク,,,,
144,11,埼玉県,越谷市,せんげん台こども食堂,,,学習支援,越谷市千間台西1-9-9,,,,,,,,,,,sengendaikodomosyokudou@gmail.com,,,,,,1か月に1回,月,第３月曜日,17:30,19:30,,"経済的に困っている世帯,ひとり親世帯,不登校・行き渋りの子供,障害のある子供",0,0,0,0,,,,,,1.0,,,埼玉フードパントリーネットワーク、越谷こどもサポートネットワーク,,,,
145,11,埼玉県,蕨市,みんなの食堂「ぽっかぽか」＠錦町,,,,埼玉県蕨市錦町2-19-13,,35.823896046608304,139.66973135169255,090-9230-8919,,,,,,https://www4.hp-ez.com/hp/pokkapoka/page2,pokkapoka.warabi@gmail.com,,,,,,1か月に2回,木,第２，第４木曜日,16:00,19:30,,,0,0,0,0,300,,,,,,,,埼玉県子ども食堂ネットワーク,,,,
146,11,埼玉県,戸田市,merry attic,,,"学習支援,子供のたまり場",埼玉県戸田市新曽2114,,35.81913386518865,139.6601282823778,,,,,,,https://www.merryattic.net/,support@merry.or.jp,,,,,,1か月に1回,日,最終週日曜日,11:00,14:00,,,0,0,0,0,,,,,,,,,戸田市子どもの居場所ネットワーク,,,,
147,11,埼玉県,戸田市,戸田フードパントリーみらい,,,親子交流の場,,,,,,,,,,,,unatsusky724@gmail.com,,,,,,,,,,,,ひとり親世帯,0,0,0,0,,,,,,1.0,,,埼玉フードパントリーネットワーク,,,,
148,11,埼玉県,戸田市,そんぽの家S戸田公園,,,多世代交流拠点,埼玉県戸田市南町7－9,,35.80538560224646,139.6733764688841,048-430-1171,,,,,,https://www.sompocare.com/service/home/satsuki/H000383/,,,,,,,1か月に1回,土,第2土曜日,12:00,14:00,,,0,0,0,0,300,,,,,,,,,,,,
149,11,埼玉県,戸田市,とだっ子食堂,,,,埼玉県戸田市本町2-10-1 スマイル戸田内,,35.8093456246763,139.67717053237718,048-433-8881,,,,,,,todakko-shokudo@dune.ocn.ne.jp,,,,,,,,,,,,"経済的に困っている世帯,ひとり親世帯",0,0,0,0,,,,,,,,,埼玉県子ども食堂ネットワーク,,,,
150,11,埼玉県,戸田市,ひなたぼっこ,,,学習支援,,,,,,,,,,,https://xizezhongxuexiao4.wixsite.com/mysite-1,todahinatabokko@gmail.com,,,,,,,,,,,,,0,0,0,0,,,,,,1.0,,,埼玉県フードパントリーネットワーク,,,,
151,11,埼玉県,戸田市,アマフカフェ,,,"多世代交流拠点,遊び・スポーツ・体験活動の場,親子交流の場",埼玉県戸田市本町4-11-10,,,,090-6658-2590,,,,,,,,,,,,,,,,,,,"経済的に困っている世帯,ひとり親世帯,不登校・行き渋りの子供",0,0,0,0,,,,,,,,,,,,,
152,11,埼玉県,戸田市,月イチ子ども食堂カフェ・ソニード,,,親子交流の場,埼玉県戸田市上戸田1‐21‐7　,,35.81919076692269,139.67840662470644,090-3060-8124,,,,,,https://r.goope.jp/npoballoon/free/ichikodmo,,,,,,,1か月に1回,金,第3金曜日,,,,"経済的に困っている世帯,ひとり親世帯",0,0,0,0,,,,,,,,,埼玉県子ども食堂ネットワーク,,,,
153,11,埼玉県,戸田市,TODA夕暮れこども食堂,,,,,,,,048-486-9225,,,,,,,info@25farm.com,,,,,,1か月に1回,土,第3土曜日,,,,,0,0,0,0,,,,,,1.0,,,,,,,
154,11,埼玉県,戸田市,スマイルエンジョイプロジェクトとだっ子食堂,,,,,,,,048-433-8881,,,,,,,todakko-shokudo@dune.ocn.ne.jp,,,,,,1か月に1回,土,月末の土曜日,,,,経済的困難な方,0,0,0,0,,,,,,,,,,,,,
155,11,埼玉県,入間市,いただきま～すの会,,,,埼玉県入間市宮寺2467特別養護老人ホームつつじの園、入間市二本木256-1宮寺二本木地区センター二本木分館,,,,04-2934-1815,,,,,,,seyk2181@gmail.com,,,,,,,,,,,,,100,100,100,100,100,,,,,,,,,,,,
156,11,埼玉県,入間市,久保稲荷なかよし広場,,,"学習支援,多世代交流拠点,遊び・スポーツ・体験活動の場",埼玉県入間市久保稲荷3-9-3,,35.823042,139.390925,,,,,,,,7ki-suzu@m.ictv.ne.jp,,,,,,1か月に2回,火,第1・3火曜日,15:00,17:30,,,0,0,0,0,,,,,,,,,子ども食堂ネットワークいるま,,,,
157,11,埼玉県,入間市,AIKURU FREE BASE ,,,"学習支援,多世代交流拠点,子供のたまり場,遊び・スポーツ・体験活動の場,不登校児の居場所,外国人の子供の居場所",埼玉県入間市豊岡1-8-39サイオスパークビル1F,,35.83695442251455,139.38705474005008,04-2966-2848,,,,,,https://freebase.studio.site/,aikuruchan2848@gmail.com,,,,,,週に１回,金,,17:00,21:00,,中学生以上,0,0,0,0,,,,,,,,,こども食堂ネットワークいるま,,,,
158,11,埼玉県,入間市,オーシャンキッズ倶楽部,,,"学習支援,多世代交流拠点,子供のたまり場,遊び・スポーツ・体験活動の場,不登校児の居場所",埼玉県入間市久保稲荷,,,,,,,,,,,saitama@ocean-kids.club,,,,,,,,,,,,,0～5000,0～5000,0～5000,0～5000,0～5000,,,,,,,,子ども食堂ネットワーク入間,,,,
159,11,埼玉県,入間市,むささび食堂,,,,埼玉県入間市小谷田1681-1（入間市青少年活動センター）,,35.8332949,139.3663702,04-2962-1005,,,,,,https://www.city.iruma.saitama.jp/soshiki/seishonenka/seishonenkatudoucenter/9605.html,,,,,,,,,,,,,,0,0,0,0,300,,,,,,,,こども食堂ネットワークいるま,,,,
160,11,埼玉県,入間市,豊泉寺こども食堂,,,,入間市中神681,,35.823712750430765,139.3542413516926,04-2936-1708,,,,,,,,,,,,,1か月に1回,日,最終日曜日,12:00,13:00,,,0,0,0,0,200,,,,,,,,入間市こども食堂ネットワーク,,,,
161,11,埼玉県,入間市,なかよし食堂,,,"学習支援,多世代交流拠点,子供のたまり場,親子交流の場,外国人の子供の居場所",,,,,080-5187-9466,,,,,,,iruma@nakayoshi.irumacity.com,,,,,,,,,,,,"経済的に困っている世帯,ひとり親世帯,不登校・行き渋りの子供,障害のある子供,支援が支援が必要と思われる家庭",,,,,,,,,,,,,埼玉県子ども食堂ネットワーク、子ども食堂ネットワーク入間,,,,
162,11,埼玉県,入間市,Green Dining,,,"多世代交流拠点,遊び・スポーツ・体験活動の場,親子交流の場",埼玉県入間市豊岡1-8-24,,35.83798461765897,139.38657488237865,04-2935-0123,,,,,,http://www.iruma-oogi.or.jp/index.html,,,,,,,,,,,,,,0,0,0,0,,,,,,,,,こども食堂ネットワークいるま,,,,
163,11,埼玉県,入間市,あいくる・みんなの広場,,,,入間市豊岡1-8-39,,35.8369621,139.3869782,04-2966-2848,,,,,,http://aikuru-iruma.com/,aikuru@m.ictv.ne.jp,,,,,,1か月に1回,火,第一火曜日,16:00,17:00,,,0,0,0,0,200,,,,,,,,こども食堂ネットワークいるま,,,,
164,11,埼玉県,入間市,ふじさわキッチン,,,多世代交流拠点,埼玉県入間市下藤沢5-17-1,,35.817927668748524,139.40332786888465,,,,,,,https://fujisawamirainet.wixsite.com/website,fujikitch@gmail.com,,,,,,,,,,,,,100,100,100,100,100,,,,,,,,こども食堂ネットワークいるま,,,,
165,11,埼玉県,入間市,子ども食堂nuku nuku,,,多世代交流拠点,埼玉県入間市豊岡2-2-8,,35.834502,139.384992,080-1275-5131,,,,,,https://kodomosyokudobase.com/,,,,,,,1か月に1回,火,第四土曜日,11:00,13:00,,,0,0,0,0,,,,,,,,,子ども食堂ネットワークいるま,,,,
166,11,埼玉県,入間市,黒須にじいろ広場,,,子供のたまり場,埼玉県入間市黒須2－3－13,,35.844985,139.384571,,,,,,,,kurosu.nijiiro@gmail.com,,,,,,,,,,,,,0,0,0,0,,,,,,,,,こども食堂ネットワークいるま,,,,
167,11,埼玉県,入間市,みんなのカフェテリア,,,,埼玉県入間市東藤沢3-19-19,,35.81696797051728,139.41428810936355,,,,,,,,minacafe.iruma@gmail.com,,,,,,,,,,,,,0,0,0,0,,,,,,,,,こども食堂ネットワークいるま,,,,
168,11,埼玉県,朝霞市,あさかニコまる食堂,,,,埼玉県朝霞市,,,,070-4115-0756,,,,,,,info.asakanikomaru@gmail.com,,,,,,1か月に1回,金,第4金曜日,17:30,19:00,,,0,0,0,0,300,,,,,,,,埼玉県子ども食堂ネットワーク、朝霞・志木・新座・和光こどもの居場所ネット,,,,
169,11,埼玉県,朝霞市,わ・和・輪の会,,,"多世代交流拠点,親子交流の場",埼玉県朝霞市本町2－18－1,,35.7992665,139.5962704,048-487-7618,,,,,,,morozumi.sayoko18@gmail.com,,,,,,週に5回,月火水木金,,10:00,19:00,,,100～200,100～200,100～200,100～200,250～300,,,,,,,,埼玉県子ども食堂ネットワーク,,,,
170,11,埼玉県,朝霞市,おへそ食堂,,,"多世代交流拠点,子供のたまり場,不登校児の居場所,親子交流の場",埼玉県朝霞市浜崎669-1,,,,,,,,,,,cozy.kouza@gmail.com,,,,,,,,,,,,,0,0,0,0,500,,,,,,,,埼玉県子ども食堂ネットワーク,,,,
171,11,埼玉県,朝霞市,あさかみらいこども食堂,,,,朝霞市仲町2-2-44 パールウイング9階B,,,,048-485-8295,,,,,,http://mirai-shokudo.com/index.html,,,,,,,1か月に2回,金,第1･第3金曜日,16:00:00,17:00:00,,未就学児・小学生・中学生,0,0,0,0,300,,,,,,,,"埼玉県子ども食堂ﾈｯﾄﾜｰｸ,朝霞･志木･新座･和光こどもの居場所ﾈｯﾄ",,,,
172,11,埼玉県,志木市,みんなでごはん！！,,,,志木市本町1-10-1　志木市いろは遊学館,,35.831173,139.576564,048-474-6508,,,,,,,vc@shiki-syakyo.or.jp,,,,,,1か月に1回,土,第2土曜日,17:00,17:20,,,200,200,200,200,500,,,,,1.0,,,志木市子どもの居場所連絡会　こすもす,,,,
173,11,埼玉県,志木市,特定非営利活動法人志木のまいにちこども食堂,,,"子供のたまり場,親子交流の場,外国人の子供の居場所",志木市中宗岡4-18-31-103,,35.8363741,139.5926669,090-3439-7403,,,,,,https://ameblo.jp/shikinomainichi/ ,shikimai.shokudo99@gmail.com,,,,,,週に5回,月火水木金,,,,,,200,200,200,200,200,,,,,1.0,,,埼玉県子ども食堂ネットワーク,,,,
174,11,埼玉県,志木市,志木のまいにちこども食堂,,,"多世代交流拠点,子供のたまり場",志木市中宗岡4丁目,,,,090-3439-7403,,,,,,,shikimai.shokudo99@gmail.com,,,,,,毎日,月火水木金土,月～土,,,,,100～300,100～300,100～300,100～300,100～300,,,,,1.0,,,埼玉県子ども食堂ネットワーク,,,,
175,11,埼玉県,和光市,こども食堂「ほっとタイム」,,,,和光市南2-3-1　和光市南公民館,,35.77509334904494,139.61286530936133,048-465-5728,,,,,,,widmung1978@docomo.ne.jp,,,,,,,,,,,,,0,0,0,0,200,,,,,,,,和光市子どもの居場所活動交流会、和光子ども食堂ネットワーク,,,,
176,11,埼玉県,和光市,わこうちいき食堂（南）,,,,和光市南1-23-1　和光市総合福祉会館,,35.77211285943312,139.60275222470395,048-465-5728,,,,,,,widmung1978@docomo.ne.jp,,,,,,1か月に1回,金,第3週か第4週の金曜日,16:00,17:30,,"経済的に困っている世帯,ひとり親世帯,民生委員からの紹介",100,100,100,100,200,,,,,,1.0,,和光市子どもの居場所活動交流会、和光子ども食堂ネットワーク,,,,
177,11,埼玉県,和光市,わこうちいき食堂（北）,,,,和光市新倉1-16-21　たまりば,,35.79136193243449,139.61386266703354,048-465-5728,,,,,,,widmung1978@docomo.ne.jp,,,,,,1か月に1回,金,原則第4金曜日,15:00,16:30,,"経済的に困っている世帯,ひとり親世帯,高齢者",100,100,100,100,200,,,,,,,,和光市子どもの居場所活動交流会、和光子ども食堂ネットワーク,,,,
178,11,埼玉県,和光市,そらよみヤミー,,,"多世代交流拠点,子供のたまり場,遊び・スポーツ・体験活動の場,親子交流の場",埼玉県和光市広沢三番地内,,,,,,,,,,,,,,,,,,,,,,,,0,0,0,0,300,,,,,,,,和光こども食堂ネットワーク,,,,
179,11,埼玉県,和光市,まんがんじ子ども食堂,,,,和光市新倉3-8-25満願寺,,,,048-461-2739,,,,,,,wakoshimanganji@gmail.com,,,,,,,,,,,,限定的年齢,0,0,0,0,300,,,,,,,,埼玉県子ども食堂ネットワーク,,,,
180,11,埼玉県,新座市,こどもカフェわんわん,,,"多世代交流拠点,子供のたまり場",埼玉県新座市道場,,,,048-477-1228,,,,,,,k-tsugawa@handa-print.com,,,,,,2か月に1回,木,偶数月第三または第四木曜,16:00,19:00,,,0,0,0,0,300,,,,,,,,埼玉県子ども食堂ネットワーク,,,,
181,11,埼玉県,新座市,コロちゃん食堂,,,,埼玉県新座市北野3-3-22,,35.81782096930976,139.56567633819927,048-471-6744,,,,,,,hiroshicoro55@gmail.com,,,,,,,,,,,,,,300,400,700,700,,,,,,,,,,,,
182,11,埼玉県,新座市,まぜこぜたい,,,,埼玉県新座市栄4-6-8街仲マルシェたまりば,,35.7755103,139.5853609,,,,,,,https://www.facebook.com/mazekoze2030/,mazekoze2030@gmail.com,,,,,,1か月に1回,木,第4木曜日,17:30,19:30,,,100,100,100,100,100,,,,,1.0,,,埼玉県子ども食堂ネットワーク、朝霞・志木・新座・和光こどもの居場所ネット、こどもまんなかネットワーク新座,,,,
183,11,埼玉県,新座市,ほっこりひろば,,,子供のたまり場,新座市野火止3-16-51,,35.788874941437356,139.55100382470488,048-482-5732,,,,,,https://www.ccn.niiza-ksdt.com/,office@ccn01.mygbiz.com,,,,,,1か月に1回,土,第４土曜日,11:00,13:00,,新座野火止南住宅居住の小学生優先、小学生,0,0,0,0,,,,,,,,,,,,,
184,11,埼玉県,新座市,のびっこひろば野火４,,,子供のたまり場,埼玉県新座市野火止４丁目19－6,,35.802880001726635,139.55496898052704,048-482-5732,,,,,,https://www.ccn.niiza-ksdt.com/,office@ccn01.mygbiz.com,,,,,,1か月に1回,土,第３土曜日,9:30,12:00,,小学生,0,0,0,0,,,,,,,,,,,,,
185,11,埼玉県,新座市,のびっこひろば西分,,,子供のたまり場,埼玉県新座市野火止３丁目５－15,,35.794941321464194,139.55767038237647,048-482-5732,,,,,,https://www.ccn.niiza-ksdt.com/,office@ccn01.mygbiz.com,,,,,,1か月に1回,土,第２土曜日,9:30,12:00,,小学生,0,0,0,0,,,,,,,,,,,,,
186,11,埼玉県,新座市,とうほくキッズひろば,,,子供のたまり場,埼玉県新座市東北３丁目14－10,,35.81943926408202,139.56734644004916,048-482-5732,,,,,,https://www.ccn.niiza-ksdt.com/ホーム/子どもの未来を応援/定期開催子どもひろば,office@ccn01.mygbiz.com,,,,,,1か月に1回,土,第１土曜日,9:30,12:00,,小学生,0,0,0,0,,,,,,,,,,,,,
187,11,埼玉県,新座市,ふくふく子どものいえ,,,子供のたまり場,埼玉県新座市大和田１丁目12－15,,35.8114376813675,139.55165085169187,048-482-5732,,,,,,https://www.ccn.niiza-ksdt.com/ホーム/子どもの未来を応援/定期開催子どもひろば,office@ccn01.mygbiz.com,,,,,,1か月に1回,日,第２日曜日,10:00,12:30,,小学生,0,0,0,0,,,,,,,,,,,,,
188,11,埼玉県,新座市,くりっこひろば,,,子供のたまり場,埼玉県新座市栗原６-５-22,,35.757927380989344,139.54842981121035,048-482-5732,,,,,,https://www.ccn.niiza-ksdt.com/ホーム/子どもの未来を応援/定期開催子どもひろば,office@ccn01.mygbiz.com,,,,,,1か月に1回,日,第１日曜日,9:30,12:00,,小学生,0,0,0,0,,,,,,,,,,,,,
189,11,埼玉県,新座市,しんぼりキッズひろば,,,子供のたまり場,埼玉県新座市新堀１丁目５－29,,35.77267297745697,139.5352525093613,048-482-5732,,,,,,https://www.ccn.niiza-ksdt.com/ホーム/子どもの未来を応援/定期開催子どもひろば,office@ccn01.mygbiz.com,,,,,,1か月に1回,土,第３土曜日,9:30,12:00,,小学生,0,0,0,0,,,,,,,,,,,,,
190,11,埼玉県,新座市,ドロップひろば,,,子供のたまり場,埼玉県新座市菅沢２-３-14キウチハウス203,,35.79823221389385,139.5490234958696,048-482-5732,,,,,,https://www.ccn.niiza-ksdt.com/ホーム/子どもの未来を応援/定期開催子どもひろば,office@ccn01.mygbiz.com,,,,,,1か月に1回,土,第１土曜日,11:00,13:00,,小学生,0,0,0,0,,,,,,,,,,,,,
191,11,埼玉県,新座市,のびっこひろばあたご・菅沢,,,子供のたまり場,埼玉県新座市あたご３丁目13－６,,35.792988923397075,139.539521051691,048-482-5732,,,,,,https://www.ccn.niiza-ksdt.com/ホーム/子どもの未来を応援/定期開催子どもひろば,office@ccn01.mygbiz.com,,,,,,,,,,,,小学生,0,0,0,0,,,,,,,,,,,,,
192,11,埼玉県,新座市,かたやまキッズひろば,,,子供のたまり場,埼玉県新座市片山２丁目１２－７,,35.766229781998184,139.56606638052514,048-482-5732,,,,,,https://www.ccn.niiza-ksdt.com/ホーム/子どもの未来を応援/定期開催子どもひろば,office@ccn01.mygbiz.com,,,,,,1か月に1回,土,第４土曜日,9:30,12:00,,小学生,0,0,0,0,,,,,,,,,,,,,
193,11,埼玉県,新座市,こども食堂アロハにいざ,,,,埼玉県新座市道場2-14-12,,35.770053,139.562044,090-4689-2933,,,,,,https://ohana-project-niiza.net/,info.ohanapj@gmail.com,,,,,,1か月に1回,日,最終日曜日,9:00,12:00,,,0,0,0,0,100,,,,,,,,埼玉県子ども食堂ネットワーク,,,,
194,11,埼玉県,新座市,新座住宅子ども食堂,,,,,,,,,,,,,,,chiikifukushi@niizashakyo.or.jp,,,,,,,,,,,,新座小学校,,,,,,,,,,,,,,,,,
195,11,埼玉県,新座市,栄五丁目支部 子ども食堂,,,,,,,,,,,,,,,chiikifukushi@niizashakyo.or.jp,,,,,,,,,,,,,0,0,0,0,100,,,,,,,,,,,,
196,11,埼玉県,桶川市,子育て応援　桶川　かのうの森,,,,埼玉県桶川市坂田東2丁目-3-1　坂田コミュニティーセンター,,36.0125987979187,139.57457710937354,090-3437-7740,,,,,,okegawa-fp.net,donguri.kanou@gmail.com,,,,,,2か月に1回,土,奇数月第2土曜日,11:30,13:30,,"経済的に困っている世帯,ひとり親世帯,不登校・行き渋りの子供,障害のある子供",0,0,0,0,300,,,,,1.0,,,埼玉県子ども食堂ネットワーク、埼玉県フードパントリーネットワーク,,,,
197,11,埼玉県,桶川市,子ども食堂おけがわ　西口レストラン　運営協議会,,,,桶川市鴨川1-4-3（桶川商工会館内）,,35.99685201535322,139.55867729402993,090-5813-4004,,,,,,,,,,,,,1か月に1回,金,第4金曜日,17:30,19:00,,,0,0,0,0,300,,,,,,,,,,,,
198,11,埼玉県,桶川市,桶川子ども食堂かつかつ亭,,,,埼玉県桶川市加納２１５８－１,,36.02753893852007,139.5710126823884,,,,,,,,,,,,,,,,,,,,"経済的に困っている世帯,ひとり親世帯",0,0,0,0,300,,,,,,,,埼玉県子ども食堂ネットワーク,,,,
199,11,埼玉県,桶川市,みんなの食堂輪空,,,,埼玉県桶川市川田谷4414,,35.99372898257841,139.5270800958795,090-9399-5988,,,,,,,oks.link2021@gmail.com,,,,,,1か月に1回,日,毎月第3日曜日,11:00,12:30,,,0,0,0,0,300,,,,,,,,埼玉県子ども食堂ネットワーク,,,,
200,11,埼玉県,桶川市,みんなの食堂しゃきょう食堂,,,,,,,,048−728−2221,,,,,,https://www.okshakyo.com,okshakyo@green.ocn.ne.jp,,,,,,1か月に2回,金,第1金曜日、第3金曜日,17:30:00,18:30:00,,,0,0,0,0,300,,,,,,,,埼玉県子ども食堂ﾈｯﾄﾜｰｸ,,,,
201,11,埼玉県,久喜市,ファルカオスポーツベース,,,"プレーパーク,多世代交流拠点,遊び・スポーツ・体験活動の場",埼玉県久喜市南栗橋4-17-17,,36.11291379374199,139.70999309588578,,,,,,,https://base.falcao.jp,,,,,,,週に4回,,,,,,,250,250,250,250,,,,,,1.0,,,埼玉県子ども食堂ネットワーク,,,,
202,11,埼玉県,久喜市,こどもむら寺子屋はうす”はぴチル”,,,"学習支援,遊び・スポーツ・体験活動の場,不登校児の居場所",埼玉県久喜市伊坂中央1-3-1　メゾンカトレア1F,,36.13650626774768,139.69215076705115,0480-48-5501,,,,,,https://hapichiru.kodomomura.ed.jp,ccs@kodomomura.ed.jo,,,,,,週に3回,火水金,,15:00,18:30,,,0,0,0,0,300,,,,,,,,埼玉県子ども食堂ネットワーク、フードパントリーネットワーク,,,,
203,11,埼玉県,久喜市,きっちん・こすもすこども食堂,,,"学習支援,遊び・スポーツ・体験活動の場,親子交流の場",久喜市桜田3-10-2鷲宮東コミュニティセンター,,36.092462,139.685155,,,,,,,https://peraichi.com/landing_pages/view/kitchinkosumosu,kitchinkosumosu@gmail.com,,,,,,1か月に1回,土,月末の土曜日,11:30,13:00,,,0,0,0,0,300,,,,,,,,子ども食堂ネットワーク,,,,
204,11,埼玉県,久喜市,わくわく食堂菖蒲,,,,埼玉県久喜市菖蒲町菖蒲５２５０特別養護老人ホームしょうぶ翔裕園,,36.069031044442994,139.6096215823906,090-1432-6698,,,,,,,,,,,,,1か月に1回,土,第1土曜日,11:00,14:30,,,0,0,0,0,300,,,,,,,,埼玉県子供食堂ネットワーク,,,,
205,11,埼玉県,久喜市,みんなのいえ,,,,久喜市上内886,,,,,,,,,,https://minna-no-ie.com/,minnanoie0731@gmail.com,,,,,,1か月に1回,日,第４日曜日,11:30:00,13:00:00,,,0,0,0,0,,,,,,1.0,,,,,,,
206,11,埼玉県,久喜市,子ども食堂ぬくもり,,,学習支援,久喜市本町2-4-10,,,,090-8773-5690,,,,,,,,,,,,,1か月に2回,火,第1・3火曜日,,,,未就学児、小学生、中学生,0,0,0,0,300,,,,,,,,埼玉県子ども食堂ﾈｯﾄﾜｰｸ｢むすびえ｣,,,,
207,11,埼玉県,久喜市,こどもCafé Arts ＆ Eats,,,学習支援,久喜市菖蒲町菖蒲85-1,,,,0480-87-1377,,,,,,https://www.kuki-bunka.jp/kodomo-cafe/,,,,,,,,,毎月1回,,,,小学生,0,0,0,0,,,,,,,,,,,,,
208,11,埼玉県,北本市,くりりんCafe,,,,北本市栄7-1-26-102,,36.01723936323736,139.53507603820935,090-6032-5475,,,,,,,,,,,,,,,,,,,,0,0,0,0,300,,,,,,,,北本市内子ども支援団体ネットワーク　きたもとBASE,,,,
209,11,埼玉県,北本市,きたもとこども食堂,,,学習支援,埼玉県北本市中央4丁目67北本生活館1F,,36.033179,139.530745,080-3914-4146,,,,,,http://tetotekitamoto.web.fc2.com/,tetote_kitamoto@yahoo.co.jp,,,,,,1か月に3回,,第1土曜,13:00:00,14:00:00,,"経済的に困っている世帯,ひとり親世帯,不登校・行き渋りの子供,障害のある子供,こども4人以上の多子世帯、および該当しない場合も理由のある場合",0,0,0,0,,,,,,,,,埼玉県こども食堂ネットワーク、きたもとBASE、認定NPO法人全国こども食堂支援センターむすびえ,,,,
210,11,埼玉県,北本市,ＳＡＲＡちゃん食堂,,,,埼玉県北本市高尾1丁目180番地,,36.00745461037955,139.5134534670447,048-593-2961,,,,,,sikodomosyokudou.wixsite.com/sarachan,,,,,,,1か月に1回,金,第２金曜日,,,,,100,100,100,100,300,,,,,,,,埼玉県子ども食堂ネットワーク,,,,
211,11,埼玉県,八潮市,子ども食堂ほっぺ,,,"学習支援,親子交流の場",埼玉県八潮市新町103,,35.834579,139.829828,090-8043-2759,,,,,,,nanshuu@icloud.com,,,,,,1か月に1回,土,第3土曜日,15:00,19:00,,,0,0,0,0,300,,,,,,,,埼玉県子ども食堂ネットワーク,,,,
212,11,埼玉県,八潮市,Yashioてらこやcafé子ども食堂,,,"多世代交流拠点,遊び・スポーツ・体験活動の場",埼玉県八潮市大瀬1-5-7,,35.807739,139.84119,,,,,,,,,,,,,,1か月に1回,日,第1or第2日曜日,,,,,0,0,0,0,300,65才以上は無料,,,,,,,こども応援ネットワーク,,,,
213,11,埼玉県,八潮市,7DAYちょこっとランチ,,,"多世代交流拠点,不登校児の居場所,親子交流の場",埼玉県八潮市大字鶴ヶ曽根1673-3,,35.826889743330106,139.84463909587112,090-6927-1791,,,,,,https://sikodomoshokudo.wixsite.com/7daychokotto/,wish82015@gmail.com,,,,,,,,,,,,,0,0,0,0,,,,,,1.0,,,埼玉県子どもネットワーク,,,,
214,11,埼玉県,八潮市,杜の家やしお　だれでも食堂,,,学習支援,埼玉県八潮市鶴ケ曽根561−1,,35.8300902,139.8367322,048-999-7667,,,,,,http://gakudan.org,yashio@gakudan.org,,,,,,1か月に1回,日,毎月第4日曜日,15:00,18:00,,,0,0,0,0,,,,,,,,,,,,,
215,11,埼玉県,富士見市,鶴瀬西・関沢子ども食堂まんぷく,,,,富士見市大字鶴馬3575番地1,,35.842125,139.534829,090-1267-2567,,,,,,,manpuku2021@ab.auone-net.jp,,,,,,1か月に1回,木,毎月第4木曜日,16:00,18:50,,,食堂100、お弁当200,食堂100、お弁当200,食堂100、お弁当200,食堂100、お弁当200,食堂300、お弁当200,,,,,,,,埼玉県子ども食堂ネットワーク・富士見市若者子供ネットワーク,,,,
216,11,埼玉県,富士見市,こども食堂　あにマート,,,,埼玉県富士見市関沢3丁目23-41,,35.836786,139.543059,049-256-7423,,,,,,https://mizuhoen.com/misakikai/mizuhoen/,yoshidami417@gmail.com,,,,,,1か月に1回,土,毎月第2土曜日,,,,,200,200,200,200,200,,,,,,,,埼玉県子ども食堂ネットワーク,,,,
217,11,埼玉県,富士見市,なんばたキッチン,,,,埼玉県富士見市上南畑306-1,,35.8605602,139.5587807,,,,,,,,kurenai@ozzio.jp,,,,,,1か月に1回,土,毎月第3土曜,12:00,13:00,,,100,100,100,100,200,,,,,,,,富士見子ども・若者の居場所応援ネット,,,,
218,11,埼玉県,富士見市,たくちゃん食堂,,,,埼玉県富士見市鶴瀬西2-8-25,,35.845402,139.534085,049-265-7714,,,,,,http://www.turuse-takumi.com/,takumi0827@bh.wakwak.com,,,,,,1か月に1回,土,毎月第3土曜日,11:30,12:30,,,0,0,0,0,200,,,,,,,,埼玉県子ども食堂ネットワーク,,,,
219,11,埼玉県,富士見市,地域コミュニティ食堂キャロットくらぶ,,,,埼玉県富士見市針ケ谷1-38,,35.83221483916672,139.55393228052858,049-255-4236,,,,,,,harigayakyarotto1@gmail.com,,,,,,1か月に1回,土,月1回開催土曜日(取れた週による),,,,,0,100~200,100~200,100~200,300,,,,,,,,埼玉県子ども食堂ネットワーク,,,,
220,11,埼玉県,富士見市,富士見みんなでプロジェクト,,,,富士見市鶴馬1932-7,,35.8544489,139.5514286,,,,,,,,x7023x@gmail.com,,,,,,,,,,,,,100,100,100,100,300,,,,,,,,埼玉県子ども食堂ネットワーク,,,,
221,11,埼玉県,富士見市,みんなの食堂ちぃちゃん,,,,埼玉県富士見市羽沢1-14-27　居酒屋だって千春,,35.86091245982023,139.54102850936567,090-5410-7576,,,,,,,m0e1g0u1@gmail.com,,,,,,,,,,,,,0,0,0,0,500,一人親などは考慮して無料の場合もあり,,,,,,,埼玉県子ども食堂ネットワーク,,,,
222,11,埼玉県,富士見市,ポトフのお弁当・ポトフ食堂,,,,埼玉県富士見市水谷1-13-6,,35.84145391716475,139.55892855539304,080-7159-3908,,,,,,https://kosodatepotofu.wixsite.com/potofu,kosodatepotofu2@yahoo.ne.jp,,,,,,週に１回,木,,18:00,19:30,,"経済的に困っている世帯,ひとり親世帯",0,0,0,0,200,,,,,,,,埼玉県子ども食堂ネットワーク,,,,
223,11,埼玉県,富士見市,カモンミール,,,,富士見市東大久保355-3,,,,048-293-1869,,,,,,http://www.sorairo3553.com/,info.sorairo111@gmail.com,,,,,,1か月に1回,木,毎月第3木曜,,,,,300,300,300,300,500,,,,,,,,,,,,
224,11,埼玉県,富士見市,子ども食堂ともだちキッチン,,,,,,,,,,,,,,,npomusubi49@gmail.com,,,,,,,,,,,,,,,,,,,,,,,,,埼玉県子ども食堂ネットワーク,,,,
225,11,埼玉県,三郷市,クローバー”子どもカフェ”,,,"多世代交流拠点,子供のたまり場,親子交流の場",三郷市彦成4-4-17-103,,,,,,,,,,,misato-clover@crux.ocn.ne.jp,,,,,,,,,,,,,,,,,,,,,,,,,,,,,
226,11,埼玉県,三郷市,みんなで作って、食べよう（子ども食堂）,,,,埼玉県三郷市彦成4-4-17、4-4-18,,35.85548480356224,139.86427906703688,,,,,,,,miko_net0907@yahoo.co.jp,,,,,,1か月に1回,,,,,,"経済的に困っている世帯,ひとり親世帯,Mikoねっとの活動に参加している子供。",0,0,0,0,,,,,,,,,こども応援ネットワーク埼玉、三郷子供の居場所ネットワーク,,,,
227,11,埼玉県,三郷市,○△□子ども食堂,,,"遊び・スポーツ・体験活動の場,親子交流の場",埼玉県三郷市鷹野1-495,,35.80717349231826,139.88434648237708,,,,,,,,marusankakusikaku25@gmail.com,,,,,,1か月に1回,水,毎月第4水曜日,16:30,18:30,,,0,0,0,0,,,,,,,,,埼玉県子ども食堂ネットワーク,,,,
228,11,埼玉県,三郷市,みさときっず食堂,,,,埼玉県三郷市三郷1-1-8 モードジョアン内,,35.84458361030047,139.88622072470775,,,,,,,,,,,,,,,,,,,,,0,0,0,0,,,,,,,,,埼玉県子ども食堂ネットワーク,,,,
229,11,埼玉県,三郷市,わせだ子ども食堂,,,親子交流の場,埼玉県三郷市早稲田２丁目１４－４,,35.848958,139.882818,,,,,,,https://kouoji.machitera.net/,,,,,,,1か月に1回,金,毎月第3金曜日,17:00,19:30,,,0,0,0,0,300,,,,,,,,,,,,
230,11,埼玉県,三郷市,ひこなり親子食堂マハロかふぇ,,,プレーパーク,三郷市彦野一丁目１６１番地 ,,35.8410536207526,139.8493474382005,090-5822-9355,,,,,,,,,,,,,,,,,,,,0,0,0,0,,,,,,,,,埼玉県子ども食堂ネットワーク,,,,
231,11,埼玉県,坂戸市,おこちゃマイル,,,子供のたまり場,坂戸市西坂戸3-1-9,,35.93169760636651,139.33067833820496,,,,,,,,nisisakado@bz04.olala.or.jp,,,,,,,,,,,,,0,0,0,0,,,,,,,,,埼玉県子ども食堂ネットワーク,,,,
232,11,埼玉県,坂戸市,地域食堂Smile,,,"プレーパーク,多世代交流拠点,不登校児の居場所,親子交流の場",埼玉県坂戸市新堀159-1入西地域交流センター内,,35.96505681302214,139.371980109371,090-4419-1386,,,,,,https://oyakosmile.amebaownd.com,oyakosmile2@gmail.com,,,,,,1か月に1回,日,第２日曜日,,,会場都合により変更有り,,0,0,0,0,子育て家族等300、一般500,,,,,,,,埼玉県子ども食堂ネットワーク、こども応援ネットワーク埼玉,,,,
233,11,埼玉県,坂戸市,SDGs坂戸ふれあい食堂,,,"学習支援,プレーパーク,多世代交流拠点,子供のたまり場,遊び・スポーツ・体験活動の場,不登校児の居場所",埼玉県坂戸市清水町25-9,,35.96333020428396,139.40462629587805,090-8682-0492,,,,,,https://sikodomoshokudo.wixsite.com/sakado-fureai/,sakado.fureai@gmail.com,,,,,,週に2回,木金土,毎週木、金曜日、第2第4土曜日,12:00,15:00,,,0,200,250,500,500,,,,,,,,埼玉県子ども食堂ネットワーク,,,,
234,11,埼玉県,坂戸市,Happy‐lucky‐café,,,プレーパーク,坂戸市けやき台1-1,,,,0492-71-7784,,,,,,,,,,,,,,,,,,,特定していない,100,100,100,100,,,,,,,,,,,,,
235,11,埼玉県,幸手市,あやめ笑顔食堂,,,"多世代交流拠点,子供のたまり場",埼玉県幸手市平野920,,36.06448,139.753189,070-7797-6731,,,,,,,soudan.hirano@gmail.com,,,,,,1か月に1回,土,最終土曜日,11:00,12:00,,,50,50,50,50,100,,,,,,,,埼玉県子ども食堂ネットワーク,,,,
236,11,埼玉県,幸手市,きらきら寺子屋こども塾,,,"学習支援,プレーパーク,多世代交流拠点",埼玉県幸手市惣新田1465,,36.054635,139.775392,0480-48-1172,,,,,,,kirakirahidetoshi@gmail.com,,,,,,,,,,,,,500,500,500,500,,,,,,,,,,,,,
237,11,埼玉県,幸手市,元気スタンド・ぷれいス,,,"学習支援,多世代交流拠点,子供のたまり場",埼玉県幸手市栄3--3-103,,36.05966504335187,139.72051702222495,080-3393-2338,,,,,,http://genki.cafe.coocan.jp/,,,,,,,,,,,,,,0,0,0,0,100～,,,,,,,,埼玉県子供食堂ネットワーク,,,,
238,11,埼玉県,鶴ヶ島市,子ども食堂じゃがいも,,,,埼玉県鶴ヶ島市上広谷472-10,,35.94307832447068,139.41703789587703,049-286-4483,,,,,,https://npo-calore.jp    https://kodomoouen.jp,npo.calore@white.plala.or.jp,,,,,,,,,,,,"経済的に困っている世帯,ひとり親世帯",0,0,0,0,,,,,,,,,埼玉県子ども食堂ネットワーク,,,,
239,11,埼玉県,鶴ヶ島市,子ども食堂じゃがいも（西児童館）,,,,,,,,049-286-4483,,,,,,https://npo-calore.jp,npo.calore@white.plala.or.jp,,,,,,1か月に2回,金,毎月第1・3金曜日,,,コロナ禍のため現在は休止中,経済的困難な方,0,0,0,0,300,,,,,,,,埼玉県子ども食堂ﾈｯﾄﾜｰｸ･子ども食堂ﾈｯﾄﾜｰｸ,,,,
240,11,埼玉県,日高市,地域食堂ちゃぶ台、高萩子ども食堂,,,,日高市高萩605-13　Hongout内,,35.900813,139.371562,070-4378-0833,,070-4378-0833,,,,,you-me-hongout5656@docomo.ne.jp,,,,,,1か月に1回,金,毎月第1金曜日,17:00,18:00,,,100,100,100,100,300,,,,,,,,,,,,
241,11,埼玉県,日高市,地域食堂ちゃぶ台,,,,埼玉県日高市栗坪92-2　日高市高麗公民館,,35.886482,139.316221,042-989-2381,,,,,,,,,,,,,1か月に1回,水,毎月第3水曜日,17:00,18:00,,,100,100,100,100,300,,,,,,,,,,,,
242,11,埼玉県,日高市,ぬくもりげんき食堂,,,,埼玉県日高市下鹿山527番地,,35.8877359,139.3473109,042-985-9100,,,,,,,v-center@hidakashi-shakyo.or.jp,,,,,,1か月に1回,金,毎月第4金曜日,16:30,18:00,,,100,100,100,100,300,,,,,,,,,,,,
243,11,埼玉県,吉川市,みんな食堂たんぽぽ,,,"学習支援,多世代交流拠点",埼玉県吉川市中央 3-27-13,,35.892444,139.8568663,090-9844-3662,,,,,,,cdsh1830@yahoo.co.jp,,,,,,週に１回,土,,17:00,19:00,,,0,0,0,0,,,,,,1.0,,,埼玉県こども食堂ネットワーク、よしかわ地域食堂ネットワーク,,,,
244,11,埼玉県,吉川市,みんなの食堂ころあい,,,"多世代交流拠点,不登校児の居場所,親子交流の場",吉川市吉川団地1-7-107,,35.891888,139.846589,048-984-2332,,,,,,https://www.gakudan.org/,yoshikawa@gakudan.org,,,,,,週に2回,月水,,16:30,17:50,,,0,0,0,0,,,,,,,,,吉川市地域食堂ネットワーク,,,,
245,11,埼玉県,ふじみ野市,SOMPOケア　ラヴィーレふじみ野,,,多世代交流拠点,埼玉県ふじみ野市苗間1-7-21,,35.85888177426956,139.52350339587272,049-278-2121,,,,,,https://www.sompocare.com/service/home/kaigo/H000002/message/,lv_fujimino_m@sompocare.com,,,,,,1か月に1回,土,第4土曜日,12:00,15:00,,,0,0,0,0,300,,,,,,,,埼玉県子ども食堂ネットワーク,,,,
246,11,埼玉県,ふじみ野市,SOMPOケア　ラヴィーレ上福岡,,,,ふじみ野市上福岡2-6-7,,35.87516292385522,139.5159021823806,049-256-6451,,,,,,https://www.sompocare.com/,lv_kamifukuoka@sompocare.com,,,,,,1か月に1回,土,第2土曜日,11:30,13:00,,,0,0,0,0,300,,,,,,,,,,,,
247,11,埼玉県,ふじみ野市,わくわく食堂,,,学習支援,埼玉県ふじみ野市上福岡１－１３－７,,35.875616,139.51479,,,,,,,https://npo96.webnode.jp/,waku2mirai.oendan@gmail.com,,,,,,週に１回,水,第一～第四水曜日,18:00,21:00,,"ひとり親世帯,不登校・行き渋りの子供,障害のある子供,子育て中のご家庭に限定しています",0,0,0,0,300,,,,,,,,埼玉県子ども食堂ネットワーク,,,,
248,11,埼玉県,ふじみ野市,どん亭　子ども食堂,,,,埼玉県ふじみ野市上福岡1-10-2エーデルビル2F,,35.875984,139.511914,049-265-5291,,,,,,,,,,,,,1か月に2回,月,第二　、四月曜日,,,,,0,0,0,0,300,,,,,1.0,,,ふじみ野市市役所ホームページ,,,,
249,11,埼玉県,ふじみ野市,認定栄養ケア・ステーションほほえみーる,,,多世代交流拠点,埼玉県ふじみ野市駒林元町2-1-39　プリベントビル3階,,35.86718167745011,139.52598486703735,049-265-3314,,,,,,https://mirai252020.wixsite.com/website,mirai25.2020@gmail.com,,,,,,,,,,,,,100,100,100,100,1000,,,,,1.0,,,,,,,
250,11,埼玉県,ふじみ野市,めだか食堂,,,,埼玉県ふじみ野市大原1-6-21,,35.87759881770631,139.5129624228595,090-2646-5317,,,,,,,fujimino@roukyou.gr.jp,,,,,,1か月に1回,日,第２日曜,11:30,13:00,,,0,0,0,0,300,,,,,,,,こども応援ネットワーク埼玉,,,,
251,11,埼玉県,ふじみ野市,コミュニティ広場にこまる,,,"多世代交流拠点,遊び・スポーツ・体験活動の場",ふじみ野市大井234,,35.848758,139.519767,,,,,,,https://nicomaru2071.wixsite.com/nicomaru,nicomaru2071@gmail.com,,,,,,1か月に1回,水,第1水曜日,17:30,18:30,,,0,100,100,100,300,,,,,1.0,,,埼玉県子ども食堂ネットワーク、埼玉県フードパントリーネットワーク,,,,
252,11,埼玉県,ふじみ野市,おーいココロンくらふ,,,,ふじみ野市ふじみ野1-1-15,,35.85996,139.513176,049-267-1107,,,,,,,m-itou@mcp-saitama.or.jp,,,,,,1か月に1回,火,第3火曜日,16:00,17:00,,,0,0,0,0,,,,,,1.0,,,埼玉県子ども食堂ネットワーク,,,,
253,11,埼玉県,伊奈町,伊奈こども食堂,,,"プレーパーク,多世代交流拠点",埼玉県北足立郡伊奈町学園2-196-5,,36.00896,139.613425,080-6428-8356,,,,,,https://ina-mirai.com,juicy461211@gmail.com,,,,,,1か月に2回,水土,第一土曜日、第4水曜日,10:00,12:00,,,100,100,100,100,300,,,,,,,,埼玉県子ども食堂ネットワーク,,,,
254,11,埼玉県,三芳町,朝ごはんプロジェクト,,,,埼玉県入間郡三芳町藤久保1100-1　三芳町役場1階,,35.82920564120486,139.52721482470682,049-258-0122,,,,,,https://miyoshi-shakyo.or.jp/fag.html,miyosha-kyotaku@miyoshi-shakyo.or.jp,,,,,,週に１回,水,,,,,朝ごはんの提供がない機能不全家庭,0,0,0,0,,,,,,,,,,,,,
255,11,埼玉県,三芳町,こどもカフェ,,,,埼玉県入間郡三芳町藤久保1100-1　三芳町役場1階,,35.82920564120486,139.52721482470682,049-258-0122,,,,,,https://miyoshi-shakyo.or.jp/fag.html,miyosha-kyotaku@miyoshi-shakyo.or.jp,,,,,,週に１回,水,,17:30,19:30,,"経済的に困っている世帯,ひとり親世帯",0,0,0,0,,,,,,,,,,,,,
256,11,埼玉県,三芳町,三芳おなかま子ども食堂,,,,三芳町藤久保817,,35.8376267,139.5275621,,,,,,,http://npo-ladybird.hp.peraichi.com,ladybird87@ozzio.jp,,,,,,1か月に2回,火,第1、第3火曜,,,,,0,0,0,0,300,,,,,1.0,,,埼玉県子ども食堂ネットワーク,,,,
257,11,埼玉県,三芳町,多世代食堂　こころ三芳,,,,埼玉県入間郡三芳町北永井946-1,,35.8440369,139.5134046,,,,,,,https://houraikai.or.jp,kokoromiyoshi@houraikai.or.jp,,,,,,1か月に2回,火,第2、4火曜日,,,,,0,0,0,0,300,,,,,,,,,,,,
258,11,埼玉県,三芳町,セカンドキッチンけやき,,,,埼玉県入間郡三芳町北永井256-4,,35.836053320371626,139.51528638237858,049-257-3232,,,,,,https://ameblo.jp/keyaki3232/,keyaki@feel.ocn.ne.jp,,,,,,週に１回,金,,18:00,19:00,,"経済的に困っている世帯,ひとり親世帯,不登校・行き渋りの子供",0,0,0,0,,,,,,,,,三芳町社会福祉協議会,,,,
259,11,埼玉県,三芳町,みよしこども食堂,,,,,,,,,,,,,,,,,,,,,,月,,17:30:00,19:30:00,,,0,0,0,0,300,,,,,,,,,,,,
260,11,埼玉県,三芳町,こども食堂桜荘弁当,,,,,,,,049-274-7111,,,,,,https://www.sakurasou.or.jp/,sr-kanri@sakurasou.or.jp,,,,,,週に１回,火,,16:30:00,,配送届け,,0,0,0,0,,,,,,,,,県SDGｓ官民連携プラットフォーム,,,,
261,11,埼玉県,毛呂山町,毛呂山こども食堂ガーデン,,,学習支援,埼玉県入間郡毛呂山町中央1-3-4,,35.9423297,139.3165704,049-295-0197,,,,,,,washiogarden910@gmail.com,,,,,,1か月に1回,土,第2土曜日,17:00,,,,0,0,0,0,300,,,,,,,,,,,,
262,11,埼玉県,毛呂山町,茶みせ,,,,,,,,049−298−7811,,,,,,,propatinker@yahoo.co.jp,,,,,,,土,第3土曜日,,,,,0,0,0,0,300,,,,,,,,,,,,
263,11,埼玉県,滑川町,てーたうこ,,,"プレーパーク,多世代交流拠点,子供のたまり場,遊び・スポーツ・体験活動の場,親子交流の場",埼玉県比企郡滑川町羽尾1420-2,,36.05263552299243,139.3655586517041,080-8459-1195,,,,,,,teetauko.namegawa@gmail.com,,,,,,,,,,,,未就学児と小学校低学年対象。それ以上はボランティアとして参加してもらっている。,100,100,100,100,200,,,,,,,,埼玉県子ども食堂ネットワーク,,,,
264,11,埼玉県,滑川町,森もり食堂,,,学習支援,埼玉県比企郡滑川町みなみ野3-10-17,,36.0434291217188,139.375813501857,0493-55-1451,,,,,,https://team-morimori.localinfo.jp/,namegawa.morimori@gmail.com,,,,,,1か月に1回,日,第4日曜日,9:30,13:00,,,0,0,0,0,300,,,,,,,,,,,,
265,11,埼玉県,小川町,みんなの食堂,,,学習支援,埼玉県比企郡小川町大字角山133番地　ココット小川町子育て総合センター,,36.059625,139.26369,0493-81-6181,,,,,,,ogawa108@town.saitama-ogawa.lg.jp,,,,,,1か月に1回,土,月1回土曜日,10:00,14:00,,,100,100,100,100,300,,,,,1.0,,,埼玉県子ども食堂ネットワーク,,,,
266,11,埼玉県,小川町,子ども食堂　ほっこりひろば,,,多世代交流拠点,埼玉県比企郡小川町腰越204　加藤宅離れ,,36.05175535475728,139.24808970937545,090-4915-7786,,,,,,,un021130-2856@tbz.t-com.ne.jp,,,,,,2か月に1回,,,,,,,100,100,100,100,100,,,,,,,,小川町子育て支援課　小川町内　子育てネットワーク,,,,
267,11,埼玉県,川島町,ともいき八幡みんなの食堂,,,"多世代交流拠点,子供のたまり場,親子交流の場",埼玉県比企郡川島町中山１３１７－１　中山公民館,,35.989349,139.446144,090-6708-6401,,,,,,,mu_510@yahoo.co.jp,,,,,,1か月に1回,金,第2金曜日,15:15,19:00,,,0,0,0,0,300,,,,,,,,埼玉県子ども食堂ネットワーク,,,,
268,11,埼玉県,川島町,いぐさ子ども食堂,,,"遊び・スポーツ・体験活動の場,",埼玉県比企郡川島町伊草230,,35.967386323965776,139.46572935354956,080-9851-8561,,,,,,https://art-made-garden.amebaownd.com/pages/6741249/page_202301231033,sow.work.ink@gmail.com,,,,,,1か月に1回,水,第４水曜日,16:30,18:30,,,0,0,0,0,300,,,,,,,,埼玉県子ども食堂ネットワーク,,,,
269,11,埼玉県,吉見町,はれるや食堂,,,"プレーパーク,多世代交流拠点,子供のたまり場,遊び・スポーツ・体験活動の場,親子交流の場",埼玉県比企郡吉見町飯島新田790-1,,,,080-3087-1127,,,,,,https://trinity1225.wixsite.com/top1,npo.trinity2019@gmail.com,,,,,,,,,,,,,0,0,0,0,300,,,,,1.0,,,埼玉県子ども食堂ネットワーク,,,,
270,11,埼玉県,吉見町,こども食堂しいの木ひろば,,,"遊び・スポーツ・体験活動の場,親子交流の場",埼玉県比企郡吉見町御所374,,36.05454479625466,139.43816695170432,,,,,,,https://kodomonoibasyo-yoshimi.jimdofree.com/,shiinokihiroba.yoshimi@gmail.com,,,,,,1か月に1回,日,毎月第4日曜日,10:30,12:30,,,0,0,0,0,500,,,,,1.0,,,埼玉県こども食堂ネットワーク,,,,
271,11,埼玉県,鳩山町,みんなの食堂,,,,鳩山町赤沼2601今宿コミュニティセンター、鳩山町松ヶ丘一丁目2-4　ふれあいセンター,,,,,,,,,,,,,,,,,,,,,,,,0,0,0,0,300,,,,,,,,こども応援ネットワークさいたま,,,,
272,11,埼玉県,横瀬町,yokoze oh!世っ会,,,"学習支援,遊び・スポーツ・体験活動の場",埼玉県秩父郡横瀬町横瀬2000,,35.986880016380645,139.10294979587928,080-5520-0760,,,,,,https:// www.facebook.com/osekaitoru/,hiromai55@yahoo.co.jp,,,,,,,,,,,,横瀬町町内小中学生,0,0,0,0,,,,,,,,,秩父子育て応援団、子どもの未来アクション、コープみらい,,,,
273,11,埼玉県,横瀬町,NAZELAB,,,"多世代交流拠点,子供のたまり場,遊び・スポーツ・体験活動の場,不登校児の居場所,親子交流の場",埼玉県秩父郡横瀬町横瀬1926,,35.98713817833093,139.10244556704356,0494-40-1021,,,,,,https://nazelab.com,info@nazelab.com,,,,,,週に5回,月火水木金,,15:00,18:00,,,0,0,0,0,,,,,,,,,,,,,
274,11,埼玉県,美里町,みさと♡こども食堂みんないっしょ,,,,,,,,080-6680-0058,,,,,,,himawarinoegao508@gmail.com,,,,,,,金,第1・第3金曜日,,,,18歳まで,100,100,100,100,200,,,,,,,,埼玉県子ども食堂ネットワーク,,,,
275,11,埼玉県,神川町,20ごはん,,,,,,,,0495-74-1188,,,,,,,kamisha@kamikawa-shakyo.or.jp,,,,,,1か月に1回,,毎月20日,,,,,20,20,20,20,,,,,,,,,,,,,
276,11,埼玉県,宮代町,ゆうやけひろば(子ども食堂),,,,埼玉県南埼玉郡宮代町笠原1-1-1,,36.0228029,139.723492,0480-32-8199,,,,,,https://syakyou.org/yuyake,kondou@syakyou.org,,,,,,1か月に2回,,第2土曜日・第4木曜日,17:00,19:30,,,100,100,100,100,200,,,,,,,,埼玉県子ども食堂ネットワーク,,,,
277,11,埼玉県,杉戸町,たまり場チエリー,,,,埼玉県北葛飾郡杉戸町杉戸５－１０－１７,,36.03248979721541,139.72181225170317,0480-34-9455,,,,,,,bin-chan@h8.dion.ne.jp,,,,,,1か月に1回,日,第一日曜日,,,,,0,0,0,0,,,,,,,,,埼玉県子ども食堂ネットワーク,,,,
